
Loading design for application trce from file umh_7_umh_7_1.ncd.
Design name: umh_fpga_top
NCD version: 3.3
Vendor:      LATTICE
Device:      LCMXO2-2000HC
Package:     CSBGA132
Performance: 4
Loading device for application trce from file 'xo2c2000.nph' in environment: D:/Software/Lattice Diamond/diamond/3.13/ispfpga.
Package Status:                     Final          Version 1.44.
Performance Hardware Data Status:   Final          Version 34.4.
Setup and Hold Report

--------------------------------------------------------------------------------
Lattice TRACE Report - Setup, Version Diamond (64-bit) 3.13.0.56.2
Tue Sep 29 19:07:31 2026

Copyright (c) 1991-1994 by NeoCAD Inc. All rights reserved.
Copyright (c) 1995 AT&T Corp.   All rights reserved.
Copyright (c) 1995-2001 Lucent Technologies Inc.  All rights reserved.
Copyright (c) 2001 Agere Systems   All rights reserved.
Copyright (c) 2002-2023 Lattice Semiconductor Corporation,  All rights reserved.

Report Information
------------------
Command line:    trce -v 10 -gt -sethld -sp 4 -sphld m -o UMH_7_UMH_7_1.twr UMH_7_UMH_7_1.ncd UMH_7_UMH_7_1.prf 
Design file:     umh_7_umh_7_1.ncd
Preference file: umh_7_umh_7_1.prf
Device,speed:    LCMXO2-2000HC,4
Report level:    verbose report, limited to 10 items per preference
--------------------------------------------------------------------------------

BLOCK ASYNCPATHS
BLOCK RESETPATHS
--------------------------------------------------------------------------------



================================================================================
Preference: FREQUENCY PORT "fpga_clk_8m" 8.000000 MHz ;
            0 items scored, 0 timing errors detected.
--------------------------------------------------------------------------------


Passed:  The following path meets requirements by 118.334ns
         The internal maximum frequency of the following component is 150.015 MHz

 Logical Details:  Cell type  Pin name       Component name

   Destination:    PDPW8KC    CLKB           staging_ram/mem0

   Delay:               6.666ns -- based on Minimum Pulse Width

Report:  150.015MHz is the maximum frequency for this preference.


================================================================================
Preference: FREQUENCY NET "pll_clk" 64.000000 MHz ;
            4096 items scored, 0 timing errors detected.
--------------------------------------------------------------------------------


Passed: The following path meets requirements by 1.396ns

 Logical Details:  Cell type  Pin type       Cell/ASIC name  (clock net +/-)

   Source:         FF         Q              afifo_rd_2602__i5  (from pll_clk +)
   Destination:    FF         Data in        afifo_rd_2602__i6  (to pll_clk +)

   Delay:              13.881ns  (43.0% logic, 57.0% route), 11 logic levels.

 Constraint Details:

     13.881ns physical path delay SLICE_1016 to SLICE_1135 meets
     15.625ns delay constraint less
      0.000ns skew and
      0.348ns M_SET requirement (totaling 15.277ns) by 1.396ns

 Physical Path Details:

      Data path SLICE_1016 to SLICE_1135:

   Name    Fanout   Delay (ns)          Site               Resource
REG_DEL     ---     0.452     R5C10A.CLK to      R5C10A.Q1 SLICE_1016 (from pll_clk)
ROUTE         2     2.339      R5C10A.Q1 to      R6C12D.A0 afifo_rd_5
C0TOFCO_DE  ---     1.023      R6C12D.A0 to     R6C12D.FCO SLICE_53
ROUTE         1     0.000     R6C12D.FCO to     R6C13A.FCI n25627
FCITOF0_DE  ---     0.585     R6C13A.FCI to      R6C13A.F0 SLICE_49
ROUTE         2     1.010      R6C13A.F0 to      R5C13B.B0 afifo_fill_7
CTOF_DEL    ---     0.495      R5C13B.B0 to      R5C13B.F0 SLICE_769
ROUTE         1     0.744      R5C13B.F0 to      R6C13D.C0 n14_adj_3572
CTOF_DEL    ---     0.495      R6C13D.C0 to      R6C13D.F0 SLICE_1019
ROUTE         1     0.436      R6C13D.F0 to      R6C13C.C1 afifo_pop_N_2985
CTOF_DEL    ---     0.495      R6C13C.C1 to      R6C13C.F1 SLICE_298
ROUTE         5     0.989      R6C13C.F1 to      R6C11C.D0 afifo_pop
CTOF_DEL    ---     0.495      R6C11C.D0 to      R6C11C.F0 SLICE_953
ROUTE         1     0.964      R6C11C.F0 to      R6C10B.A0 n25400
C0TOFCO_DE  ---     1.023      R6C10B.A0 to     R6C10B.FCO SLICE_38
ROUTE         1     0.000     R6C10B.FCO to     R6C10C.FCI n25533
FCITOFCO_D  ---     0.162     R6C10C.FCI to     R6C10C.FCO SLICE_102
ROUTE         1     0.000     R6C10C.FCO to     R6C10D.FCI n25534
FCITOFCO_D  ---     0.162     R6C10D.FCI to     R6C10D.FCO SLICE_79
ROUTE         1     0.000     R6C10D.FCO to     R6C11A.FCI n25535
FCITOF0_DE  ---     0.585     R6C11A.FCI to      R6C11A.F0 SLICE_23
ROUTE         3     1.427      R6C11A.F0 to      R5C10B.M0 n58 (to pll_clk)
                  --------
                   13.881   (43.0% logic, 57.0% route), 11 logic levels.

 Clock Skew Details: 

      Source Clock Path fpga_pll_i to SLICE_1016:

   Name    Fanout   Delay (ns)          Site               Resource
ROUTE       567     1.677     LPLL.CLKOP to     R5C10A.CLK pll_clk
                  --------
                    1.677   (0.0% logic, 100.0% route), 0 logic levels.

      Destination Clock Path fpga_pll_i to SLICE_1135:

   Name    Fanout   Delay (ns)          Site               Resource
ROUTE       567     1.677     LPLL.CLKOP to     R5C10B.CLK pll_clk
                  --------
                    1.677   (0.0% logic, 100.0% route), 0 logic levels.


Passed: The following path meets requirements by 1.587ns

 Logical Details:  Cell type  Pin type       Cell/ASIC name  (clock net +/-)

   Source:         FF         Q              afifo_rd_2602__i1  (from pll_clk +)
   Destination:    FF         Data in        afifo_rd_2602__i6  (to pll_clk +)

   Delay:              13.690ns  (46.0% logic, 54.0% route), 13 logic levels.

 Constraint Details:

     13.690ns physical path delay SLICE_246 to SLICE_1135 meets
     15.625ns delay constraint less
      0.000ns skew and
      0.348ns M_SET requirement (totaling 15.277ns) by 1.587ns

 Physical Path Details:

      Data path SLICE_246 to SLICE_1135:

   Name    Fanout   Delay (ns)          Site               Resource
REG_DEL     ---     0.452    R10C13D.CLK to     R10C13D.Q1 SLICE_246 (from pll_clk)
ROUTE         2     1.824     R10C13D.Q1 to      R6C12B.A0 afifo_rd_1
C0TOFCO_DE  ---     1.023      R6C12B.A0 to     R6C12B.FCO SLICE_56
ROUTE         1     0.000     R6C12B.FCO to     R6C12C.FCI n25625
FCITOFCO_D  ---     0.162     R6C12C.FCI to     R6C12C.FCO SLICE_54
ROUTE         1     0.000     R6C12C.FCO to     R6C12D.FCI n25626
FCITOFCO_D  ---     0.162     R6C12D.FCI to     R6C12D.FCO SLICE_53
ROUTE         1     0.000     R6C12D.FCO to     R6C13A.FCI n25627
FCITOF0_DE  ---     0.585     R6C13A.FCI to      R6C13A.F0 SLICE_49
ROUTE         2     1.010      R6C13A.F0 to      R5C13B.B0 afifo_fill_7
CTOF_DEL    ---     0.495      R5C13B.B0 to      R5C13B.F0 SLICE_769
ROUTE         1     0.744      R5C13B.F0 to      R6C13D.C0 n14_adj_3572
CTOF_DEL    ---     0.495      R6C13D.C0 to      R6C13D.F0 SLICE_1019
ROUTE         1     0.436      R6C13D.F0 to      R6C13C.C1 afifo_pop_N_2985
CTOF_DEL    ---     0.495      R6C13C.C1 to      R6C13C.F1 SLICE_298
ROUTE         5     0.989      R6C13C.F1 to      R6C11C.D0 afifo_pop
CTOF_DEL    ---     0.495      R6C11C.D0 to      R6C11C.F0 SLICE_953
ROUTE         1     0.964      R6C11C.F0 to      R6C10B.A0 n25400
C0TOFCO_DE  ---     1.023      R6C10B.A0 to     R6C10B.FCO SLICE_38
ROUTE         1     0.000     R6C10B.FCO to     R6C10C.FCI n25533
FCITOFCO_D  ---     0.162     R6C10C.FCI to     R6C10C.FCO SLICE_102
ROUTE         1     0.000     R6C10C.FCO to     R6C10D.FCI n25534
FCITOFCO_D  ---     0.162     R6C10D.FCI to     R6C10D.FCO SLICE_79
ROUTE         1     0.000     R6C10D.FCO to     R6C11A.FCI n25535
FCITOF0_DE  ---     0.585     R6C11A.FCI to      R6C11A.F0 SLICE_23
ROUTE         3     1.427      R6C11A.F0 to      R5C10B.M0 n58 (to pll_clk)
                  --------
                   13.690   (46.0% logic, 54.0% route), 13 logic levels.

 Clock Skew Details: 

      Source Clock Path fpga_pll_i to SLICE_246:

   Name    Fanout   Delay (ns)          Site               Resource
ROUTE       567     1.677     LPLL.CLKOP to    R10C13D.CLK pll_clk
                  --------
                    1.677   (0.0% logic, 100.0% route), 0 logic levels.

      Destination Clock Path fpga_pll_i to SLICE_1135:

   Name    Fanout   Delay (ns)          Site               Resource
ROUTE       567     1.677     LPLL.CLKOP to     R5C10B.CLK pll_clk
                  --------
                    1.677   (0.0% logic, 100.0% route), 0 logic levels.


Passed: The following path meets requirements by 1.670ns

 Logical Details:  Cell type  Pin type       Cell/ASIC name  (clock net +/-)

   Source:         FF         Q              afifo_rd_2602__i5  (from pll_clk +)
   Destination:    FF         Data in        afifo_rd_2602__i3  (to pll_clk +)

   Delay:              13.607ns  (41.9% logic, 58.1% route), 9 logic levels.

 Constraint Details:

     13.607ns physical path delay SLICE_1016 to SLICE_1006 meets
     15.625ns delay constraint less
      0.000ns skew and
      0.348ns M_SET requirement (totaling 15.277ns) by 1.670ns

 Physical Path Details:

      Data path SLICE_1016 to SLICE_1006:

   Name    Fanout   Delay (ns)          Site               Resource
REG_DEL     ---     0.452     R5C10A.CLK to      R5C10A.Q1 SLICE_1016 (from pll_clk)
ROUTE         2     2.339      R5C10A.Q1 to      R6C12D.A0 afifo_rd_5
C0TOFCO_DE  ---     1.023      R6C12D.A0 to     R6C12D.FCO SLICE_53
ROUTE         1     0.000     R6C12D.FCO to     R6C13A.FCI n25627
FCITOF0_DE  ---     0.585     R6C13A.FCI to      R6C13A.F0 SLICE_49
ROUTE         2     1.010      R6C13A.F0 to      R5C13B.B0 afifo_fill_7
CTOF_DEL    ---     0.495      R5C13B.B0 to      R5C13B.F0 SLICE_769
ROUTE         1     0.744      R5C13B.F0 to      R6C13D.C0 n14_adj_3572
CTOF_DEL    ---     0.495      R6C13D.C0 to      R6C13D.F0 SLICE_1019
ROUTE         1     0.436      R6C13D.F0 to      R6C13C.C1 afifo_pop_N_2985
CTOF_DEL    ---     0.495      R6C13C.C1 to      R6C13C.F1 SLICE_298
ROUTE         5     0.989      R6C13C.F1 to      R6C11C.D0 afifo_pop
CTOF_DEL    ---     0.495      R6C11C.D0 to      R6C11C.F0 SLICE_953
ROUTE         1     0.964      R6C11C.F0 to      R6C10B.A0 n25400
C0TOFCO_DE  ---     1.023      R6C10B.A0 to     R6C10B.FCO SLICE_38
ROUTE         1     0.000     R6C10B.FCO to     R6C10C.FCI n25533
FCITOF1_DE  ---     0.643     R6C10C.FCI to      R6C10C.F1 SLICE_102
ROUTE         3     1.419      R6C10C.F1 to      R5C16C.M1 n61 (to pll_clk)
                  --------
                   13.607   (41.9% logic, 58.1% route), 9 logic levels.

 Clock Skew Details: 

      Source Clock Path fpga_pll_i to SLICE_1016:

   Name    Fanout   Delay (ns)          Site               Resource
ROUTE       567     1.677     LPLL.CLKOP to     R5C10A.CLK pll_clk
                  --------
                    1.677   (0.0% logic, 100.0% route), 0 logic levels.

      Destination Clock Path fpga_pll_i to SLICE_1006:

   Name    Fanout   Delay (ns)          Site               Resource
ROUTE       567     1.677     LPLL.CLKOP to     R5C16C.CLK pll_clk
                  --------
                    1.677   (0.0% logic, 100.0% route), 0 logic levels.


Passed: The following path meets requirements by 1.678ns

 Logical Details:  Cell type  Pin type       Cell/ASIC name  (clock net +/-)

   Source:         FF         Q              afifo_rd_2602__i1  (from pll_clk +)
   Destination:    FF         Data in        afifo_rd_2602__i6  (to pll_clk +)

   Delay:              13.599ns  (45.1% logic, 54.9% route), 12 logic levels.

 Constraint Details:

     13.599ns physical path delay SLICE_246 to SLICE_1135 meets
     15.625ns delay constraint less
      0.000ns skew and
      0.348ns M_SET requirement (totaling 15.277ns) by 1.678ns

 Physical Path Details:

      Data path SLICE_246 to SLICE_1135:

   Name    Fanout   Delay (ns)          Site               Resource
REG_DEL     ---     0.452    R10C13D.CLK to     R10C13D.Q1 SLICE_246 (from pll_clk)
ROUTE         2     1.824     R10C13D.Q1 to      R6C12B.A0 afifo_rd_1
C0TOFCO_DE  ---     1.023      R6C12B.A0 to     R6C12B.FCO SLICE_56
ROUTE         1     0.000     R6C12B.FCO to     R6C12C.FCI n25625
FCITOFCO_D  ---     0.162     R6C12C.FCI to     R6C12C.FCO SLICE_54
ROUTE         1     0.000     R6C12C.FCO to     R6C12D.FCI n25626
FCITOF0_DE  ---     0.585     R6C12D.FCI to      R6C12D.F0 SLICE_53
ROUTE         2     1.081      R6C12D.F0 to      R5C13B.D0 afifo_fill_5
CTOF_DEL    ---     0.495      R5C13B.D0 to      R5C13B.F0 SLICE_769
ROUTE         1     0.744      R5C13B.F0 to      R6C13D.C0 n14_adj_3572
CTOF_DEL    ---     0.495      R6C13D.C0 to      R6C13D.F0 SLICE_1019
ROUTE         1     0.436      R6C13D.F0 to      R6C13C.C1 afifo_pop_N_2985
CTOF_DEL    ---     0.495      R6C13C.C1 to      R6C13C.F1 SLICE_298
ROUTE         5     0.989      R6C13C.F1 to      R6C11C.D0 afifo_pop
CTOF_DEL    ---     0.495      R6C11C.D0 to      R6C11C.F0 SLICE_953
ROUTE         1     0.964      R6C11C.F0 to      R6C10B.A0 n25400
C0TOFCO_DE  ---     1.023      R6C10B.A0 to     R6C10B.FCO SLICE_38
ROUTE         1     0.000     R6C10B.FCO to     R6C10C.FCI n25533
FCITOFCO_D  ---     0.162     R6C10C.FCI to     R6C10C.FCO SLICE_102
ROUTE         1     0.000     R6C10C.FCO to     R6C10D.FCI n25534
FCITOFCO_D  ---     0.162     R6C10D.FCI to     R6C10D.FCO SLICE_79
ROUTE         1     0.000     R6C10D.FCO to     R6C11A.FCI n25535
FCITOF0_DE  ---     0.585     R6C11A.FCI to      R6C11A.F0 SLICE_23
ROUTE         3     1.427      R6C11A.F0 to      R5C10B.M0 n58 (to pll_clk)
                  --------
                   13.599   (45.1% logic, 54.9% route), 12 logic levels.

 Clock Skew Details: 

      Source Clock Path fpga_pll_i to SLICE_246:

   Name    Fanout   Delay (ns)          Site               Resource
ROUTE       567     1.677     LPLL.CLKOP to    R10C13D.CLK pll_clk
                  --------
                    1.677   (0.0% logic, 100.0% route), 0 logic levels.

      Destination Clock Path fpga_pll_i to SLICE_1135:

   Name    Fanout   Delay (ns)          Site               Resource
ROUTE       567     1.677     LPLL.CLKOP to     R5C10B.CLK pll_clk
                  --------
                    1.677   (0.0% logic, 100.0% route), 0 logic levels.


Passed: The following path meets requirements by 1.736ns

 Logical Details:  Cell type  Pin type       Cell/ASIC name  (clock net +/-)

   Source:         FF         Q              afifo_rd_2602__i2  (from pll_clk +)
   Destination:    FF         Data in        afifo_rd_2602__i6  (to pll_clk +)

   Delay:              13.541ns  (45.5% logic, 54.5% route), 13 logic levels.

 Constraint Details:

     13.541ns physical path delay SLICE_1006 to SLICE_1135 meets
     15.625ns delay constraint less
      0.000ns skew and
      0.348ns M_SET requirement (totaling 15.277ns) by 1.736ns

 Physical Path Details:

      Data path SLICE_1006 to SLICE_1135:

   Name    Fanout   Delay (ns)          Site               Resource
REG_DEL     ---     0.452     R5C16C.CLK to      R5C16C.Q0 SLICE_1006 (from pll_clk)
ROUTE         2     1.809      R5C16C.Q0 to      R6C12B.A1 afifo_rd_2
C1TOFCO_DE  ---     0.889      R6C12B.A1 to     R6C12B.FCO SLICE_56
ROUTE         1     0.000     R6C12B.FCO to     R6C12C.FCI n25625
FCITOFCO_D  ---     0.162     R6C12C.FCI to     R6C12C.FCO SLICE_54
ROUTE         1     0.000     R6C12C.FCO to     R6C12D.FCI n25626
FCITOFCO_D  ---     0.162     R6C12D.FCI to     R6C12D.FCO SLICE_53
ROUTE         1     0.000     R6C12D.FCO to     R6C13A.FCI n25627
FCITOF0_DE  ---     0.585     R6C13A.FCI to      R6C13A.F0 SLICE_49
ROUTE         2     1.010      R6C13A.F0 to      R5C13B.B0 afifo_fill_7
CTOF_DEL    ---     0.495      R5C13B.B0 to      R5C13B.F0 SLICE_769
ROUTE         1     0.744      R5C13B.F0 to      R6C13D.C0 n14_adj_3572
CTOF_DEL    ---     0.495      R6C13D.C0 to      R6C13D.F0 SLICE_1019
ROUTE         1     0.436      R6C13D.F0 to      R6C13C.C1 afifo_pop_N_2985
CTOF_DEL    ---     0.495      R6C13C.C1 to      R6C13C.F1 SLICE_298
ROUTE         5     0.989      R6C13C.F1 to      R6C11C.D0 afifo_pop
CTOF_DEL    ---     0.495      R6C11C.D0 to      R6C11C.F0 SLICE_953
ROUTE         1     0.964      R6C11C.F0 to      R6C10B.A0 n25400
C0TOFCO_DE  ---     1.023      R6C10B.A0 to     R6C10B.FCO SLICE_38
ROUTE         1     0.000     R6C10B.FCO to     R6C10C.FCI n25533
FCITOFCO_D  ---     0.162     R6C10C.FCI to     R6C10C.FCO SLICE_102
ROUTE         1     0.000     R6C10C.FCO to     R6C10D.FCI n25534
FCITOFCO_D  ---     0.162     R6C10D.FCI to     R6C10D.FCO SLICE_79
ROUTE         1     0.000     R6C10D.FCO to     R6C11A.FCI n25535
FCITOF0_DE  ---     0.585     R6C11A.FCI to      R6C11A.F0 SLICE_23
ROUTE         3     1.427      R6C11A.F0 to      R5C10B.M0 n58 (to pll_clk)
                  --------
                   13.541   (45.5% logic, 54.5% route), 13 logic levels.

 Clock Skew Details: 

      Source Clock Path fpga_pll_i to SLICE_1006:

   Name    Fanout   Delay (ns)          Site               Resource
ROUTE       567     1.677     LPLL.CLKOP to     R5C16C.CLK pll_clk
                  --------
                    1.677   (0.0% logic, 100.0% route), 0 logic levels.

      Destination Clock Path fpga_pll_i to SLICE_1135:

   Name    Fanout   Delay (ns)          Site               Resource
ROUTE       567     1.677     LPLL.CLKOP to     R5C10B.CLK pll_clk
                  --------
                    1.677   (0.0% logic, 100.0% route), 0 logic levels.


Passed: The following path meets requirements by 1.747ns

 Logical Details:  Cell type  Pin type       Cell/ASIC name  (clock net +/-)

   Source:         FF         Q              afifo_rd_2602__i5  (from pll_clk +)
   Destination:    DP8KC      Port           audio_fifo/mem0(ASIC)  (to pll_clk +)

   Delay:              14.184ns  (42.1% logic, 57.9% route), 11 logic levels.

 Constraint Details:

     14.184ns physical path delay SLICE_1016 to audio_fifo/mem0 meets
     15.625ns delay constraint less
     -0.173ns skew and
     -0.133ns ADDR_SET requirement (totaling 15.931ns) by 1.747ns

 Physical Path Details:

      Data path SLICE_1016 to audio_fifo/mem0:

   Name    Fanout   Delay (ns)          Site               Resource
REG_DEL     ---     0.452     R5C10A.CLK to      R5C10A.Q1 SLICE_1016 (from pll_clk)
ROUTE         2     2.339      R5C10A.Q1 to      R6C12D.A0 afifo_rd_5
C0TOFCO_DE  ---     1.023      R6C12D.A0 to     R6C12D.FCO SLICE_53
ROUTE         1     0.000     R6C12D.FCO to     R6C13A.FCI n25627
FCITOF0_DE  ---     0.585     R6C13A.FCI to      R6C13A.F0 SLICE_49
ROUTE         2     1.010      R6C13A.F0 to      R5C13B.B0 afifo_fill_7
CTOF_DEL    ---     0.495      R5C13B.B0 to      R5C13B.F0 SLICE_769
ROUTE         1     0.744      R5C13B.F0 to      R6C13D.C0 n14_adj_3572
CTOF_DEL    ---     0.495      R6C13D.C0 to      R6C13D.F0 SLICE_1019
ROUTE         1     0.436      R6C13D.F0 to      R6C13C.C1 afifo_pop_N_2985
CTOF_DEL    ---     0.495      R6C13C.C1 to      R6C13C.F1 SLICE_298
ROUTE         5     0.989      R6C13C.F1 to      R6C11C.D0 afifo_pop
CTOF_DEL    ---     0.495      R6C11C.D0 to      R6C11C.F0 SLICE_953
ROUTE         1     0.964      R6C11C.F0 to      R6C10B.A0 n25400
C0TOFCO_DE  ---     1.023      R6C10B.A0 to     R6C10B.FCO SLICE_38
ROUTE         1     0.000     R6C10B.FCO to     R6C10C.FCI n25533
FCITOFCO_D  ---     0.162     R6C10C.FCI to     R6C10C.FCO SLICE_102
ROUTE         1     0.000     R6C10C.FCO to     R6C10D.FCI n25534
FCITOFCO_D  ---     0.162     R6C10D.FCI to     R6C10D.FCO SLICE_79
ROUTE         1     0.000     R6C10D.FCO to     R6C11A.FCI n25535
FCITOF0_DE  ---     0.585     R6C11A.FCI to      R6C11A.F0 SLICE_23
ROUTE         3     1.730      R6C11A.F0 to  EBR_R8C5.ADB9 n58 (to pll_clk)
                  --------
                   14.184   (42.1% logic, 57.9% route), 11 logic levels.

 Clock Skew Details: 

      Source Clock Path fpga_pll_i to SLICE_1016:

   Name    Fanout   Delay (ns)          Site               Resource
ROUTE       567     1.677     LPLL.CLKOP to     R5C10A.CLK pll_clk
                  --------
                    1.677   (0.0% logic, 100.0% route), 0 logic levels.

      Destination Clock Path fpga_pll_i to audio_fifo/mem0:

   Name    Fanout   Delay (ns)          Site               Resource
ROUTE       567     1.850     LPLL.CLKOP to  EBR_R8C5.CLKB pll_clk
                  --------
                    1.850   (0.0% logic, 100.0% route), 0 logic levels.


Passed: The following path meets requirements by 1.803ns

 Logical Details:  Cell type  Pin type       Cell/ASIC name  (clock net +/-)

   Source:         FF         Q              afifo_rd_2602__i5  (from pll_clk +)
   Destination:    DP8KC      Port           audio_fifo/mem0(ASIC)  (to pll_clk +)

   Delay:              14.128ns  (42.7% logic, 57.3% route), 11 logic levels.

 Constraint Details:

     14.128ns physical path delay SLICE_1016 to audio_fifo/mem0 meets
     15.625ns delay constraint less
     -0.173ns skew and
     -0.133ns ADDR_SET requirement (totaling 15.931ns) by 1.803ns

 Physical Path Details:

      Data path SLICE_1016 to audio_fifo/mem0:

   Name    Fanout   Delay (ns)          Site               Resource
REG_DEL     ---     0.452     R5C10A.CLK to      R5C10A.Q1 SLICE_1016 (from pll_clk)
ROUTE         2     2.339      R5C10A.Q1 to      R6C12D.A0 afifo_rd_5
C0TOFCO_DE  ---     1.023      R6C12D.A0 to     R6C12D.FCO SLICE_53
ROUTE         1     0.000     R6C12D.FCO to     R6C13A.FCI n25627
FCITOF0_DE  ---     0.585     R6C13A.FCI to      R6C13A.F0 SLICE_49
ROUTE         2     1.010      R6C13A.F0 to      R5C13B.B0 afifo_fill_7
CTOF_DEL    ---     0.495      R5C13B.B0 to      R5C13B.F0 SLICE_769
ROUTE         1     0.744      R5C13B.F0 to      R6C13D.C0 n14_adj_3572
CTOF_DEL    ---     0.495      R6C13D.C0 to      R6C13D.F0 SLICE_1019
ROUTE         1     0.436      R6C13D.F0 to      R6C13C.C1 afifo_pop_N_2985
CTOF_DEL    ---     0.495      R6C13C.C1 to      R6C13C.F1 SLICE_298
ROUTE         5     0.989      R6C13C.F1 to      R6C11C.D0 afifo_pop
CTOF_DEL    ---     0.495      R6C11C.D0 to      R6C11C.F0 SLICE_953
ROUTE         1     0.964      R6C11C.F0 to      R6C10B.A0 n25400
C0TOFCO_DE  ---     1.023      R6C10B.A0 to     R6C10B.FCO SLICE_38
ROUTE         1     0.000     R6C10B.FCO to     R6C10C.FCI n25533
FCITOFCO_D  ---     0.162     R6C10C.FCI to     R6C10C.FCO SLICE_102
ROUTE         1     0.000     R6C10C.FCO to     R6C10D.FCI n25534
FCITOFCO_D  ---     0.162     R6C10D.FCI to     R6C10D.FCO SLICE_79
ROUTE         1     0.000     R6C10D.FCO to     R6C11A.FCI n25535
FCITOF1_DE  ---     0.643     R6C11A.FCI to      R6C11A.F1 SLICE_23
ROUTE         3     1.616      R6C11A.F1 to EBR_R8C5.ADB10 n57 (to pll_clk)
                  --------
                   14.128   (42.7% logic, 57.3% route), 11 logic levels.

 Clock Skew Details: 

      Source Clock Path fpga_pll_i to SLICE_1016:

   Name    Fanout   Delay (ns)          Site               Resource
ROUTE       567     1.677     LPLL.CLKOP to     R5C10A.CLK pll_clk
                  --------
                    1.677   (0.0% logic, 100.0% route), 0 logic levels.

      Destination Clock Path fpga_pll_i to audio_fifo/mem0:

   Name    Fanout   Delay (ns)          Site               Resource
ROUTE       567     1.850     LPLL.CLKOP to  EBR_R8C5.CLKB pll_clk
                  --------
                    1.850   (0.0% logic, 100.0% route), 0 logic levels.


Passed: The following path meets requirements by 1.827ns

 Logical Details:  Cell type  Pin type       Cell/ASIC name  (clock net +/-)

   Source:         FF         Q              afifo_rd_2602__i2  (from pll_clk +)
   Destination:    FF         Data in        afifo_rd_2602__i6  (to pll_clk +)

   Delay:              13.450ns  (44.6% logic, 55.4% route), 12 logic levels.

 Constraint Details:

     13.450ns physical path delay SLICE_1006 to SLICE_1135 meets
     15.625ns delay constraint less
      0.000ns skew and
      0.348ns M_SET requirement (totaling 15.277ns) by 1.827ns

 Physical Path Details:

      Data path SLICE_1006 to SLICE_1135:

   Name    Fanout   Delay (ns)          Site               Resource
REG_DEL     ---     0.452     R5C16C.CLK to      R5C16C.Q0 SLICE_1006 (from pll_clk)
ROUTE         2     1.809      R5C16C.Q0 to      R6C12B.A1 afifo_rd_2
C1TOFCO_DE  ---     0.889      R6C12B.A1 to     R6C12B.FCO SLICE_56
ROUTE         1     0.000     R6C12B.FCO to     R6C12C.FCI n25625
FCITOFCO_D  ---     0.162     R6C12C.FCI to     R6C12C.FCO SLICE_54
ROUTE         1     0.000     R6C12C.FCO to     R6C12D.FCI n25626
FCITOF0_DE  ---     0.585     R6C12D.FCI to      R6C12D.F0 SLICE_53
ROUTE         2     1.081      R6C12D.F0 to      R5C13B.D0 afifo_fill_5
CTOF_DEL    ---     0.495      R5C13B.D0 to      R5C13B.F0 SLICE_769
ROUTE         1     0.744      R5C13B.F0 to      R6C13D.C0 n14_adj_3572
CTOF_DEL    ---     0.495      R6C13D.C0 to      R6C13D.F0 SLICE_1019
ROUTE         1     0.436      R6C13D.F0 to      R6C13C.C1 afifo_pop_N_2985
CTOF_DEL    ---     0.495      R6C13C.C1 to      R6C13C.F1 SLICE_298
ROUTE         5     0.989      R6C13C.F1 to      R6C11C.D0 afifo_pop
CTOF_DEL    ---     0.495      R6C11C.D0 to      R6C11C.F0 SLICE_953
ROUTE         1     0.964      R6C11C.F0 to      R6C10B.A0 n25400
C0TOFCO_DE  ---     1.023      R6C10B.A0 to     R6C10B.FCO SLICE_38
ROUTE         1     0.000     R6C10B.FCO to     R6C10C.FCI n25533
FCITOFCO_D  ---     0.162     R6C10C.FCI to     R6C10C.FCO SLICE_102
ROUTE         1     0.000     R6C10C.FCO to     R6C10D.FCI n25534
FCITOFCO_D  ---     0.162     R6C10D.FCI to     R6C10D.FCO SLICE_79
ROUTE         1     0.000     R6C10D.FCO to     R6C11A.FCI n25535
FCITOF0_DE  ---     0.585     R6C11A.FCI to      R6C11A.F0 SLICE_23
ROUTE         3     1.427      R6C11A.F0 to      R5C10B.M0 n58 (to pll_clk)
                  --------
                   13.450   (44.6% logic, 55.4% route), 12 logic levels.

 Clock Skew Details: 

      Source Clock Path fpga_pll_i to SLICE_1006:

   Name    Fanout   Delay (ns)          Site               Resource
ROUTE       567     1.677     LPLL.CLKOP to     R5C16C.CLK pll_clk
                  --------
                    1.677   (0.0% logic, 100.0% route), 0 logic levels.

      Destination Clock Path fpga_pll_i to SLICE_1135:

   Name    Fanout   Delay (ns)          Site               Resource
ROUTE       567     1.677     LPLL.CLKOP to     R5C10B.CLK pll_clk
                  --------
                    1.677   (0.0% logic, 100.0% route), 0 logic levels.


Passed: The following path meets requirements by 1.829ns

 Logical Details:  Cell type  Pin type       Cell/ASIC name  (clock net +/-)

   Source:         FF         Q              afifo_rd_2602__i5  (from pll_clk +)
   Destination:    FF         Data in        afifo_rd_2602__i1  (to pll_clk +)

   Delay:              13.448ns  (36.7% logic, 63.3% route), 8 logic levels.

 Constraint Details:

     13.448ns physical path delay SLICE_1016 to SLICE_246 meets
     15.625ns delay constraint less
      0.000ns skew and
      0.348ns M_SET requirement (totaling 15.277ns) by 1.829ns

 Physical Path Details:

      Data path SLICE_1016 to SLICE_246:

   Name    Fanout   Delay (ns)          Site               Resource
REG_DEL     ---     0.452     R5C10A.CLK to      R5C10A.Q1 SLICE_1016 (from pll_clk)
ROUTE         2     2.339      R5C10A.Q1 to      R6C12D.A0 afifo_rd_5
C0TOFCO_DE  ---     1.023      R6C12D.A0 to     R6C12D.FCO SLICE_53
ROUTE         1     0.000     R6C12D.FCO to     R6C13A.FCI n25627
FCITOF0_DE  ---     0.585     R6C13A.FCI to      R6C13A.F0 SLICE_49
ROUTE         2     1.010      R6C13A.F0 to      R5C13B.B0 afifo_fill_7
CTOF_DEL    ---     0.495      R5C13B.B0 to      R5C13B.F0 SLICE_769
ROUTE         1     0.744      R5C13B.F0 to      R6C13D.C0 n14_adj_3572
CTOF_DEL    ---     0.495      R6C13D.C0 to      R6C13D.F0 SLICE_1019
ROUTE         1     0.436      R6C13D.F0 to      R6C13C.C1 afifo_pop_N_2985
CTOF_DEL    ---     0.495      R6C13C.C1 to      R6C13C.F1 SLICE_298
ROUTE         5     0.989      R6C13C.F1 to      R6C11C.D0 afifo_pop
CTOF_DEL    ---     0.495      R6C11C.D0 to      R6C11C.F0 SLICE_953
ROUTE         1     0.964      R6C11C.F0 to      R6C10B.A0 n25400
CTOF1_DEL   ---     0.889      R6C10B.A0 to      R6C10B.F1 SLICE_38
ROUTE         3     2.037      R6C10B.F1 to     R10C13D.M1 n63 (to pll_clk)
                  --------
                   13.448   (36.7% logic, 63.3% route), 8 logic levels.

 Clock Skew Details: 

      Source Clock Path fpga_pll_i to SLICE_1016:

   Name    Fanout   Delay (ns)          Site               Resource
ROUTE       567     1.677     LPLL.CLKOP to     R5C10A.CLK pll_clk
                  --------
                    1.677   (0.0% logic, 100.0% route), 0 logic levels.

      Destination Clock Path fpga_pll_i to SLICE_246:

   Name    Fanout   Delay (ns)          Site               Resource
ROUTE       567     1.677     LPLL.CLKOP to    R10C13D.CLK pll_clk
                  --------
                    1.677   (0.0% logic, 100.0% route), 0 logic levels.


Passed: The following path meets requirements by 1.833ns

 Logical Details:  Cell type  Pin type       Cell/ASIC name  (clock net +/-)

   Source:         FF         Q              afifo_rd_2602__i1  (from pll_clk +)
   Destination:    FF         Data in        afifo_rd_2602__i6  (to pll_clk +)

   Delay:              13.444ns  (44.4% logic, 55.6% route), 11 logic levels.

 Constraint Details:

     13.444ns physical path delay SLICE_246 to SLICE_1135 meets
     15.625ns delay constraint less
      0.000ns skew and
      0.348ns M_SET requirement (totaling 15.277ns) by 1.833ns

 Physical Path Details:

      Data path SLICE_246 to SLICE_1135:

   Name    Fanout   Delay (ns)          Site               Resource
REG_DEL     ---     0.452    R10C13D.CLK to     R10C13D.Q1 SLICE_246 (from pll_clk)
ROUTE         2     1.824     R10C13D.Q1 to      R6C12B.A0 afifo_rd_1
C0TOFCO_DE  ---     1.023      R6C12B.A0 to     R6C12B.FCO SLICE_56
ROUTE         1     0.000     R6C12B.FCO to     R6C12C.FCI n25625
FCITOF0_DE  ---     0.585     R6C12C.FCI to      R6C12C.F0 SLICE_54
ROUTE         2     1.088      R6C12C.F0 to      R5C13B.C0 afifo_fill_3
CTOF_DEL    ---     0.495      R5C13B.C0 to      R5C13B.F0 SLICE_769
ROUTE         1     0.744      R5C13B.F0 to      R6C13D.C0 n14_adj_3572
CTOF_DEL    ---     0.495      R6C13D.C0 to      R6C13D.F0 SLICE_1019
ROUTE         1     0.436      R6C13D.F0 to      R6C13C.C1 afifo_pop_N_2985
CTOF_DEL    ---     0.495      R6C13C.C1 to      R6C13C.F1 SLICE_298
ROUTE         5     0.989      R6C13C.F1 to      R6C11C.D0 afifo_pop
CTOF_DEL    ---     0.495      R6C11C.D0 to      R6C11C.F0 SLICE_953
ROUTE         1     0.964      R6C11C.F0 to      R6C10B.A0 n25400
C0TOFCO_DE  ---     1.023      R6C10B.A0 to     R6C10B.FCO SLICE_38
ROUTE         1     0.000     R6C10B.FCO to     R6C10C.FCI n25533
FCITOFCO_D  ---     0.162     R6C10C.FCI to     R6C10C.FCO SLICE_102
ROUTE         1     0.000     R6C10C.FCO to     R6C10D.FCI n25534
FCITOFCO_D  ---     0.162     R6C10D.FCI to     R6C10D.FCO SLICE_79
ROUTE         1     0.000     R6C10D.FCO to     R6C11A.FCI n25535
FCITOF0_DE  ---     0.585     R6C11A.FCI to      R6C11A.F0 SLICE_23
ROUTE         3     1.427      R6C11A.F0 to      R5C10B.M0 n58 (to pll_clk)
                  --------
                   13.444   (44.4% logic, 55.6% route), 11 logic levels.

 Clock Skew Details: 

      Source Clock Path fpga_pll_i to SLICE_246:

   Name    Fanout   Delay (ns)          Site               Resource
ROUTE       567     1.677     LPLL.CLKOP to    R10C13D.CLK pll_clk
                  --------
                    1.677   (0.0% logic, 100.0% route), 0 logic levels.

      Destination Clock Path fpga_pll_i to SLICE_1135:

   Name    Fanout   Delay (ns)          Site               Resource
ROUTE       567     1.677     LPLL.CLKOP to     R5C10B.CLK pll_clk
                  --------
                    1.677   (0.0% logic, 100.0% route), 0 logic levels.

Report:   70.279MHz is the maximum frequency for this preference.


================================================================================
Preference: FREQUENCY PORT "spi1_sck" 21.250000 MHz ;
            4096 items scored, 0 timing errors detected.
--------------------------------------------------------------------------------


Passed: The following path meets requirements by 27.740ns

 Logical Details:  Cell type  Pin type       Cell/ASIC name  (clock net +/-)

   Source:         FF         Q              spi_byte_count_i0_i8  (from spi1_sck_c +)
   Destination:    FF         Data in        accepted_update_flags_spi_i0_i0  (to spi1_sck_c +)

   Delay:              19.037ns  (23.2% logic, 76.8% route), 9 logic levels.

 Constraint Details:

     19.037ns physical path delay SLICE_119 to SLICE_117 meets
     47.059ns delay constraint less
      0.000ns skew and
      0.282ns CE_SET requirement (totaling 46.777ns) by 27.740ns

 Physical Path Details:

      Data path SLICE_119 to SLICE_117:

   Name    Fanout   Delay (ns)          Site               Resource
REG_DEL     ---     0.452     R3C14A.CLK to      R3C14A.Q1 SLICE_119 (from spi1_sck_c)
ROUTE        10     3.571      R3C14A.Q1 to      R4C18C.A0 spi_byte_count_8
CTOF_DEL    ---     0.495      R4C18C.A0 to      R4C18C.F0 SLICE_941
ROUTE         2     1.308      R4C18C.F0 to      R5C17D.A1 n26930
CTOF_DEL    ---     0.495      R5C17D.A1 to      R5C17D.F1 SLICE_1007
ROUTE         3     1.606      R5C17D.F1 to      R3C19B.C1 n17824
CTOF_DEL    ---     0.495      R3C19B.C1 to      R3C19B.F1 SLICE_1011
ROUTE         1     1.004      R3C19B.F1 to      R3C19B.B0 n28133
CTOF_DEL    ---     0.495      R3C19B.B0 to      R3C19B.F0 SLICE_1011
ROUTE         1     0.436      R3C19B.F0 to      R3C19A.C0 n16
CTOF_DEL    ---     0.495      R3C19A.C0 to      R3C19A.F0 SLICE_970
ROUTE         1     1.498      R3C19A.F0 to      R5C16D.A1 frame_end_N_3010
CTOF_DEL    ---     0.495      R5C16D.A1 to      R5C16D.F1 SLICE_897
ROUTE         2     0.654      R5C16D.F1 to      R6C16C.D1 frame_end
CTOF_DEL    ---     0.495      R6C16C.D1 to      R6C16C.F1 SLICE_962
ROUTE         5     2.041      R6C16C.F1 to      R5C18C.D0 spi1_sck_c_enable_24
CTOF_DEL    ---     0.495      R5C18C.D0 to      R5C18C.F0 SLICE_961
ROUTE         1     2.507      R5C18C.F0 to      R3C14B.CE spi1_sck_c_enable_12 (to spi1_sck_c)
                  --------
                   19.037   (23.2% logic, 76.8% route), 9 logic levels.

 Clock Skew Details: 

      Source Clock Path spi1_sck to SLICE_119:

   Name    Fanout   Delay (ns)          Site               Resource
ROUTE       133     2.209       K1.PADDI to     R3C14A.CLK spi1_sck_c
                  --------
                    2.209   (0.0% logic, 100.0% route), 0 logic levels.

      Destination Clock Path spi1_sck to SLICE_117:

   Name    Fanout   Delay (ns)          Site               Resource
ROUTE       133     2.209       K1.PADDI to     R3C14B.CLK spi1_sck_c
                  --------
                    2.209   (0.0% logic, 100.0% route), 0 logic levels.


Passed: The following path meets requirements by 27.959ns

 Logical Details:  Cell type  Pin type       Cell/ASIC name  (clock net +/-)

   Source:         FF         Q              spi_update_flags_i0_i1  (from spi1_sck_c +)
   Destination:    FF         Data in        accepted_update_flags_spi_i0_i0  (to spi1_sck_c +)

   Delay:              18.818ns  (33.8% logic, 66.2% route), 16 logic levels.

 Constraint Details:

     18.818ns physical path delay SLICE_928 to SLICE_117 meets
     47.059ns delay constraint less
      0.000ns skew and
      0.282ns CE_SET requirement (totaling 46.777ns) by 27.959ns

 Physical Path Details:

      Data path SLICE_928 to SLICE_117:

   Name    Fanout   Delay (ns)          Site               Resource
REG_DEL     ---     0.452    R10C17D.CLK to     R10C17D.Q1 SLICE_928 (from spi1_sck_c)
ROUTE         5     2.803     R10C17D.Q1 to      R3C20A.B1 expected_next_15_N_1492_3
C1TOFCO_DE  ---     0.889      R3C20A.B1 to     R3C20A.FCO SLICE_72
ROUTE         1     0.000     R3C20A.FCO to     R3C20B.FCI n25617
FCITOFCO_D  ---     0.162     R3C20B.FCI to     R3C20B.FCO SLICE_67
ROUTE         1     0.000     R3C20B.FCO to     R3C20C.FCI n25618
FCITOFCO_D  ---     0.162     R3C20C.FCI to     R3C20C.FCO SLICE_66
ROUTE         1     0.000     R3C20C.FCO to     R3C20D.FCI n25619
FCITOFCO_D  ---     0.162     R3C20D.FCI to     R3C20D.FCO SLICE_65
ROUTE         1     0.000     R3C20D.FCO to     R3C21A.FCI n25620
FCITOFCO_D  ---     0.162     R3C21A.FCI to     R3C21A.FCO SLICE_64
ROUTE         1     0.000     R3C21A.FCO to     R3C21B.FCI n25621
FCITOFCO_D  ---     0.162     R3C21B.FCI to     R3C21B.FCO SLICE_63
ROUTE         1     0.000     R3C21B.FCO to     R3C21C.FCI n25622
FCITOFCO_D  ---     0.162     R3C21C.FCI to     R3C21C.FCO SLICE_62
ROUTE         1     0.000     R3C21C.FCO to     R3C21D.FCI n25623
FCITOF0_DE  ---     0.585     R3C21D.FCI to      R3C21D.F0 SLICE_60
ROUTE         1     1.001      R3C21D.F0 to      R3C22C.B1 expected_next_15
CTOF_DEL    ---     0.495      R3C22C.B1 to      R3C22C.F1 SLICE_1012
ROUTE         1     0.436      R3C22C.F1 to      R3C22C.C0 n14_adj_3664
CTOF_DEL    ---     0.495      R3C22C.C0 to      R3C22C.F0 SLICE_1012
ROUTE         1     1.079      R3C22C.F0 to      R3C19B.C0 n13
CTOF_DEL    ---     0.495      R3C19B.C0 to      R3C19B.F0 SLICE_1011
ROUTE         1     0.436      R3C19B.F0 to      R3C19A.C0 n16
CTOF_DEL    ---     0.495      R3C19A.C0 to      R3C19A.F0 SLICE_970
ROUTE         1     1.498      R3C19A.F0 to      R5C16D.A1 frame_end_N_3010
CTOF_DEL    ---     0.495      R5C16D.A1 to      R5C16D.F1 SLICE_897
ROUTE         2     0.654      R5C16D.F1 to      R6C16C.D1 frame_end
CTOF_DEL    ---     0.495      R6C16C.D1 to      R6C16C.F1 SLICE_962
ROUTE         5     2.041      R6C16C.F1 to      R5C18C.D0 spi1_sck_c_enable_24
CTOF_DEL    ---     0.495      R5C18C.D0 to      R5C18C.F0 SLICE_961
ROUTE         1     2.507      R5C18C.F0 to      R3C14B.CE spi1_sck_c_enable_12 (to spi1_sck_c)
                  --------
                   18.818   (33.8% logic, 66.2% route), 16 logic levels.

 Clock Skew Details: 

      Source Clock Path spi1_sck to SLICE_928:

   Name    Fanout   Delay (ns)          Site               Resource
ROUTE       133     2.209       K1.PADDI to    R10C17D.CLK spi1_sck_c
                  --------
                    2.209   (0.0% logic, 100.0% route), 0 logic levels.

      Destination Clock Path spi1_sck to SLICE_117:

   Name    Fanout   Delay (ns)          Site               Resource
ROUTE       133     2.209       K1.PADDI to     R3C14B.CLK spi1_sck_c
                  --------
                    2.209   (0.0% logic, 100.0% route), 0 logic levels.


Passed: The following path meets requirements by 27.981ns

 Logical Details:  Cell type  Pin type       Cell/ASIC name  (clock net +/-)

   Source:         FF         Q              spi_update_flags_i0_i0  (from spi1_sck_c +)
   Destination:    FF         Data in        accepted_update_flags_spi_i0_i0  (to spi1_sck_c +)

   Delay:              18.796ns  (33.7% logic, 66.3% route), 15 logic levels.

 Constraint Details:

     18.796ns physical path delay SLICE_928 to SLICE_117 meets
     47.059ns delay constraint less
      0.000ns skew and
      0.282ns CE_SET requirement (totaling 46.777ns) by 27.981ns

 Physical Path Details:

      Data path SLICE_928 to SLICE_117:

   Name    Fanout   Delay (ns)          Site               Resource
REG_DEL     ---     0.452    R10C17D.CLK to     R10C17D.Q0 SLICE_928 (from spi1_sck_c)
ROUTE        16     2.809     R10C17D.Q0 to      R3C20B.B0 expected_next_15_N_1347_6
C0TOFCO_DE  ---     1.023      R3C20B.B0 to     R3C20B.FCO SLICE_67
ROUTE         1     0.000     R3C20B.FCO to     R3C20C.FCI n25618
FCITOFCO_D  ---     0.162     R3C20C.FCI to     R3C20C.FCO SLICE_66
ROUTE         1     0.000     R3C20C.FCO to     R3C20D.FCI n25619
FCITOFCO_D  ---     0.162     R3C20D.FCI to     R3C20D.FCO SLICE_65
ROUTE         1     0.000     R3C20D.FCO to     R3C21A.FCI n25620
FCITOFCO_D  ---     0.162     R3C21A.FCI to     R3C21A.FCO SLICE_64
ROUTE         1     0.000     R3C21A.FCO to     R3C21B.FCI n25621
FCITOFCO_D  ---     0.162     R3C21B.FCI to     R3C21B.FCO SLICE_63
ROUTE         1     0.000     R3C21B.FCO to     R3C21C.FCI n25622
FCITOFCO_D  ---     0.162     R3C21C.FCI to     R3C21C.FCO SLICE_62
ROUTE         1     0.000     R3C21C.FCO to     R3C21D.FCI n25623
FCITOF0_DE  ---     0.585     R3C21D.FCI to      R3C21D.F0 SLICE_60
ROUTE         1     1.001      R3C21D.F0 to      R3C22C.B1 expected_next_15
CTOF_DEL    ---     0.495      R3C22C.B1 to      R3C22C.F1 SLICE_1012
ROUTE         1     0.436      R3C22C.F1 to      R3C22C.C0 n14_adj_3664
CTOF_DEL    ---     0.495      R3C22C.C0 to      R3C22C.F0 SLICE_1012
ROUTE         1     1.079      R3C22C.F0 to      R3C19B.C0 n13
CTOF_DEL    ---     0.495      R3C19B.C0 to      R3C19B.F0 SLICE_1011
ROUTE         1     0.436      R3C19B.F0 to      R3C19A.C0 n16
CTOF_DEL    ---     0.495      R3C19A.C0 to      R3C19A.F0 SLICE_970
ROUTE         1     1.498      R3C19A.F0 to      R5C16D.A1 frame_end_N_3010
CTOF_DEL    ---     0.495      R5C16D.A1 to      R5C16D.F1 SLICE_897
ROUTE         2     0.654      R5C16D.F1 to      R6C16C.D1 frame_end
CTOF_DEL    ---     0.495      R6C16C.D1 to      R6C16C.F1 SLICE_962
ROUTE         5     2.041      R6C16C.F1 to      R5C18C.D0 spi1_sck_c_enable_24
CTOF_DEL    ---     0.495      R5C18C.D0 to      R5C18C.F0 SLICE_961
ROUTE         1     2.507      R5C18C.F0 to      R3C14B.CE spi1_sck_c_enable_12 (to spi1_sck_c)
                  --------
                   18.796   (33.7% logic, 66.3% route), 15 logic levels.

 Clock Skew Details: 

      Source Clock Path spi1_sck to SLICE_928:

   Name    Fanout   Delay (ns)          Site               Resource
ROUTE       133     2.209       K1.PADDI to    R10C17D.CLK spi1_sck_c
                  --------
                    2.209   (0.0% logic, 100.0% route), 0 logic levels.

      Destination Clock Path spi1_sck to SLICE_117:

   Name    Fanout   Delay (ns)          Site               Resource
ROUTE       133     2.209       K1.PADDI to     R3C14B.CLK spi1_sck_c
                  --------
                    2.209   (0.0% logic, 100.0% route), 0 logic levels.


Passed: The following path meets requirements by 27.983ns

 Logical Details:  Cell type  Pin type       Cell/ASIC name  (clock net +/-)

   Source:         FF         Q              spi_update_flags_i0_i1  (from spi1_sck_c +)
   Destination:    FF         Data in        accepted_update_flags_spi_i0_i0  (to spi1_sck_c +)

   Delay:              18.794ns  (32.4% logic, 67.6% route), 14 logic levels.

 Constraint Details:

     18.794ns physical path delay SLICE_928 to SLICE_117 meets
     47.059ns delay constraint less
      0.000ns skew and
      0.282ns CE_SET requirement (totaling 46.777ns) by 27.983ns

 Physical Path Details:

      Data path SLICE_928 to SLICE_117:

   Name    Fanout   Delay (ns)          Site               Resource
REG_DEL     ---     0.452    R10C17D.CLK to     R10C17D.Q1 SLICE_928 (from spi1_sck_c)
ROUTE         5     2.803     R10C17D.Q1 to      R3C20A.B1 expected_next_15_N_1492_3
C1TOFCO_DE  ---     0.889      R3C20A.B1 to     R3C20A.FCO SLICE_72
ROUTE         1     0.000     R3C20A.FCO to     R3C20B.FCI n25617
FCITOFCO_D  ---     0.162     R3C20B.FCI to     R3C20B.FCO SLICE_67
ROUTE         1     0.000     R3C20B.FCO to     R3C20C.FCI n25618
FCITOFCO_D  ---     0.162     R3C20C.FCI to     R3C20C.FCO SLICE_66
ROUTE         1     0.000     R3C20C.FCO to     R3C20D.FCI n25619
FCITOFCO_D  ---     0.162     R3C20D.FCI to     R3C20D.FCO SLICE_65
ROUTE         1     0.000     R3C20D.FCO to     R3C21A.FCI n25620
FCITOFCO_D  ---     0.162     R3C21A.FCI to     R3C21A.FCO SLICE_64
ROUTE         1     0.000     R3C21A.FCO to     R3C21B.FCI n25621
FCITOF1_DE  ---     0.643     R3C21B.FCI to      R3C21B.F1 SLICE_63
ROUTE         1     1.023      R3C21B.F1 to      R3C22A.B0 expected_next_12
CTOF_DEL    ---     0.495      R3C22A.B0 to      R3C22A.F0 SLICE_1139
ROUTE         1     0.656      R3C22A.F0 to      R3C22C.A0 n13_adj_3666
CTOF_DEL    ---     0.495      R3C22C.A0 to      R3C22C.F0 SLICE_1012
ROUTE         1     1.079      R3C22C.F0 to      R3C19B.C0 n13
CTOF_DEL    ---     0.495      R3C19B.C0 to      R3C19B.F0 SLICE_1011
ROUTE         1     0.436      R3C19B.F0 to      R3C19A.C0 n16
CTOF_DEL    ---     0.495      R3C19A.C0 to      R3C19A.F0 SLICE_970
ROUTE         1     1.498      R3C19A.F0 to      R5C16D.A1 frame_end_N_3010
CTOF_DEL    ---     0.495      R5C16D.A1 to      R5C16D.F1 SLICE_897
ROUTE         2     0.654      R5C16D.F1 to      R6C16C.D1 frame_end
CTOF_DEL    ---     0.495      R6C16C.D1 to      R6C16C.F1 SLICE_962
ROUTE         5     2.041      R6C16C.F1 to      R5C18C.D0 spi1_sck_c_enable_24
CTOF_DEL    ---     0.495      R5C18C.D0 to      R5C18C.F0 SLICE_961
ROUTE         1     2.507      R5C18C.F0 to      R3C14B.CE spi1_sck_c_enable_12 (to spi1_sck_c)
                  --------
                   18.794   (32.4% logic, 67.6% route), 14 logic levels.

 Clock Skew Details: 

      Source Clock Path spi1_sck to SLICE_928:

   Name    Fanout   Delay (ns)          Site               Resource
ROUTE       133     2.209       K1.PADDI to    R10C17D.CLK spi1_sck_c
                  --------
                    2.209   (0.0% logic, 100.0% route), 0 logic levels.

      Destination Clock Path spi1_sck to SLICE_117:

   Name    Fanout   Delay (ns)          Site               Resource
ROUTE       133     2.209       K1.PADDI to     R3C14B.CLK spi1_sck_c
                  --------
                    2.209   (0.0% logic, 100.0% route), 0 logic levels.


Passed: The following path meets requirements by 28.005ns

 Logical Details:  Cell type  Pin type       Cell/ASIC name  (clock net +/-)

   Source:         FF         Q              spi_update_flags_i0_i0  (from spi1_sck_c +)
   Destination:    FF         Data in        accepted_update_flags_spi_i0_i0  (to spi1_sck_c +)

   Delay:              18.772ns  (32.3% logic, 67.7% route), 13 logic levels.

 Constraint Details:

     18.772ns physical path delay SLICE_928 to SLICE_117 meets
     47.059ns delay constraint less
      0.000ns skew and
      0.282ns CE_SET requirement (totaling 46.777ns) by 28.005ns

 Physical Path Details:

      Data path SLICE_928 to SLICE_117:

   Name    Fanout   Delay (ns)          Site               Resource
REG_DEL     ---     0.452    R10C17D.CLK to     R10C17D.Q0 SLICE_928 (from spi1_sck_c)
ROUTE        16     2.809     R10C17D.Q0 to      R3C20B.B0 expected_next_15_N_1347_6
C0TOFCO_DE  ---     1.023      R3C20B.B0 to     R3C20B.FCO SLICE_67
ROUTE         1     0.000     R3C20B.FCO to     R3C20C.FCI n25618
FCITOFCO_D  ---     0.162     R3C20C.FCI to     R3C20C.FCO SLICE_66
ROUTE         1     0.000     R3C20C.FCO to     R3C20D.FCI n25619
FCITOFCO_D  ---     0.162     R3C20D.FCI to     R3C20D.FCO SLICE_65
ROUTE         1     0.000     R3C20D.FCO to     R3C21A.FCI n25620
FCITOFCO_D  ---     0.162     R3C21A.FCI to     R3C21A.FCO SLICE_64
ROUTE         1     0.000     R3C21A.FCO to     R3C21B.FCI n25621
FCITOF1_DE  ---     0.643     R3C21B.FCI to      R3C21B.F1 SLICE_63
ROUTE         1     1.023      R3C21B.F1 to      R3C22A.B0 expected_next_12
CTOF_DEL    ---     0.495      R3C22A.B0 to      R3C22A.F0 SLICE_1139
ROUTE         1     0.656      R3C22A.F0 to      R3C22C.A0 n13_adj_3666
CTOF_DEL    ---     0.495      R3C22C.A0 to      R3C22C.F0 SLICE_1012
ROUTE         1     1.079      R3C22C.F0 to      R3C19B.C0 n13
CTOF_DEL    ---     0.495      R3C19B.C0 to      R3C19B.F0 SLICE_1011
ROUTE         1     0.436      R3C19B.F0 to      R3C19A.C0 n16
CTOF_DEL    ---     0.495      R3C19A.C0 to      R3C19A.F0 SLICE_970
ROUTE         1     1.498      R3C19A.F0 to      R5C16D.A1 frame_end_N_3010
CTOF_DEL    ---     0.495      R5C16D.A1 to      R5C16D.F1 SLICE_897
ROUTE         2     0.654      R5C16D.F1 to      R6C16C.D1 frame_end
CTOF_DEL    ---     0.495      R6C16C.D1 to      R6C16C.F1 SLICE_962
ROUTE         5     2.041      R6C16C.F1 to      R5C18C.D0 spi1_sck_c_enable_24
CTOF_DEL    ---     0.495      R5C18C.D0 to      R5C18C.F0 SLICE_961
ROUTE         1     2.507      R5C18C.F0 to      R3C14B.CE spi1_sck_c_enable_12 (to spi1_sck_c)
                  --------
                   18.772   (32.3% logic, 67.7% route), 13 logic levels.

 Clock Skew Details: 

      Source Clock Path spi1_sck to SLICE_928:

   Name    Fanout   Delay (ns)          Site               Resource
ROUTE       133     2.209       K1.PADDI to    R10C17D.CLK spi1_sck_c
                  --------
                    2.209   (0.0% logic, 100.0% route), 0 logic levels.

      Destination Clock Path spi1_sck to SLICE_117:

   Name    Fanout   Delay (ns)          Site               Resource
ROUTE       133     2.209       K1.PADDI to     R3C14B.CLK spi1_sck_c
                  --------
                    2.209   (0.0% logic, 100.0% route), 0 logic levels.


Passed: The following path meets requirements by 28.024ns

 Logical Details:  Cell type  Pin type       Cell/ASIC name  (clock net +/-)

   Source:         FF         Q              spi_update_flags_i0_i1  (from spi1_sck_c +)
   Destination:    FF         Data in        accepted_update_flags_spi_i0_i0  (to spi1_sck_c +)

   Delay:              18.753ns  (33.8% logic, 66.2% route), 15 logic levels.

 Constraint Details:

     18.753ns physical path delay SLICE_928 to SLICE_117 meets
     47.059ns delay constraint less
      0.000ns skew and
      0.282ns CE_SET requirement (totaling 46.777ns) by 28.024ns

 Physical Path Details:

      Data path SLICE_928 to SLICE_117:

   Name    Fanout   Delay (ns)          Site               Resource
REG_DEL     ---     0.452    R10C17D.CLK to     R10C17D.Q1 SLICE_928 (from spi1_sck_c)
ROUTE         5     2.766     R10C17D.Q1 to      R3C20B.A0 expected_next_15_N_1492_3
C0TOFCO_DE  ---     1.023      R3C20B.A0 to     R3C20B.FCO SLICE_67
ROUTE         1     0.000     R3C20B.FCO to     R3C20C.FCI n25618
FCITOFCO_D  ---     0.162     R3C20C.FCI to     R3C20C.FCO SLICE_66
ROUTE         1     0.000     R3C20C.FCO to     R3C20D.FCI n25619
FCITOFCO_D  ---     0.162     R3C20D.FCI to     R3C20D.FCO SLICE_65
ROUTE         1     0.000     R3C20D.FCO to     R3C21A.FCI n25620
FCITOFCO_D  ---     0.162     R3C21A.FCI to     R3C21A.FCO SLICE_64
ROUTE         1     0.000     R3C21A.FCO to     R3C21B.FCI n25621
FCITOFCO_D  ---     0.162     R3C21B.FCI to     R3C21B.FCO SLICE_63
ROUTE         1     0.000     R3C21B.FCO to     R3C21C.FCI n25622
FCITOFCO_D  ---     0.162     R3C21C.FCI to     R3C21C.FCO SLICE_62
ROUTE         1     0.000     R3C21C.FCO to     R3C21D.FCI n25623
FCITOF0_DE  ---     0.585     R3C21D.FCI to      R3C21D.F0 SLICE_60
ROUTE         1     1.001      R3C21D.F0 to      R3C22C.B1 expected_next_15
CTOF_DEL    ---     0.495      R3C22C.B1 to      R3C22C.F1 SLICE_1012
ROUTE         1     0.436      R3C22C.F1 to      R3C22C.C0 n14_adj_3664
CTOF_DEL    ---     0.495      R3C22C.C0 to      R3C22C.F0 SLICE_1012
ROUTE         1     1.079      R3C22C.F0 to      R3C19B.C0 n13
CTOF_DEL    ---     0.495      R3C19B.C0 to      R3C19B.F0 SLICE_1011
ROUTE         1     0.436      R3C19B.F0 to      R3C19A.C0 n16
CTOF_DEL    ---     0.495      R3C19A.C0 to      R3C19A.F0 SLICE_970
ROUTE         1     1.498      R3C19A.F0 to      R5C16D.A1 frame_end_N_3010
CTOF_DEL    ---     0.495      R5C16D.A1 to      R5C16D.F1 SLICE_897
ROUTE         2     0.654      R5C16D.F1 to      R6C16C.D1 frame_end
CTOF_DEL    ---     0.495      R6C16C.D1 to      R6C16C.F1 SLICE_962
ROUTE         5     2.041      R6C16C.F1 to      R5C18C.D0 spi1_sck_c_enable_24
CTOF_DEL    ---     0.495      R5C18C.D0 to      R5C18C.F0 SLICE_961
ROUTE         1     2.507      R5C18C.F0 to      R3C14B.CE spi1_sck_c_enable_12 (to spi1_sck_c)
                  --------
                   18.753   (33.8% logic, 66.2% route), 15 logic levels.

 Clock Skew Details: 

      Source Clock Path spi1_sck to SLICE_928:

   Name    Fanout   Delay (ns)          Site               Resource
ROUTE       133     2.209       K1.PADDI to    R10C17D.CLK spi1_sck_c
                  --------
                    2.209   (0.0% logic, 100.0% route), 0 logic levels.

      Destination Clock Path spi1_sck to SLICE_117:

   Name    Fanout   Delay (ns)          Site               Resource
ROUTE       133     2.209       K1.PADDI to     R3C14B.CLK spi1_sck_c
                  --------
                    2.209   (0.0% logic, 100.0% route), 0 logic levels.


Passed: The following path meets requirements by 28.039ns

 Logical Details:  Cell type  Pin type       Cell/ASIC name  (clock net +/-)

   Source:         FF         Q              spi_rx_shift_i4  (from spi1_sck_c +)
   Destination:    FF         Data in        accepted_update_flags_spi_i0_i0  (to spi1_sck_c +)

   Delay:              18.738ns  (29.6% logic, 70.4% route), 11 logic levels.

 Constraint Details:

     18.738ns physical path delay SLICE_926 to SLICE_117 meets
     47.059ns delay constraint less
      0.000ns skew and
      0.282ns CE_SET requirement (totaling 46.777ns) by 28.039ns

 Physical Path Details:

      Data path SLICE_926 to SLICE_117:

   Name    Fanout   Delay (ns)          Site               Resource
REG_DEL     ---     0.452     R10C9A.CLK to      R10C9A.Q1 SLICE_926 (from spi1_sck_c)
ROUTE        21     3.533      R10C9A.Q1 to      R3C21B.B1 spi_rx_shift_3
C1TOFCO_DE  ---     0.889      R3C21B.B1 to     R3C21B.FCO SLICE_63
ROUTE         1     0.000     R3C21B.FCO to     R3C21C.FCI n25622
FCITOFCO_D  ---     0.162     R3C21C.FCI to     R3C21C.FCO SLICE_62
ROUTE         1     0.000     R3C21C.FCO to     R3C21D.FCI n25623
FCITOF0_DE  ---     0.585     R3C21D.FCI to      R3C21D.F0 SLICE_60
ROUTE         1     1.001      R3C21D.F0 to      R3C22C.B1 expected_next_15
CTOF_DEL    ---     0.495      R3C22C.B1 to      R3C22C.F1 SLICE_1012
ROUTE         1     0.436      R3C22C.F1 to      R3C22C.C0 n14_adj_3664
CTOF_DEL    ---     0.495      R3C22C.C0 to      R3C22C.F0 SLICE_1012
ROUTE         1     1.079      R3C22C.F0 to      R3C19B.C0 n13
CTOF_DEL    ---     0.495      R3C19B.C0 to      R3C19B.F0 SLICE_1011
ROUTE         1     0.436      R3C19B.F0 to      R3C19A.C0 n16
CTOF_DEL    ---     0.495      R3C19A.C0 to      R3C19A.F0 SLICE_970
ROUTE         1     1.498      R3C19A.F0 to      R5C16D.A1 frame_end_N_3010
CTOF_DEL    ---     0.495      R5C16D.A1 to      R5C16D.F1 SLICE_897
ROUTE         2     0.654      R5C16D.F1 to      R6C16C.D1 frame_end
CTOF_DEL    ---     0.495      R6C16C.D1 to      R6C16C.F1 SLICE_962
ROUTE         5     2.041      R6C16C.F1 to      R5C18C.D0 spi1_sck_c_enable_24
CTOF_DEL    ---     0.495      R5C18C.D0 to      R5C18C.F0 SLICE_961
ROUTE         1     2.507      R5C18C.F0 to      R3C14B.CE spi1_sck_c_enable_12 (to spi1_sck_c)
                  --------
                   18.738   (29.6% logic, 70.4% route), 11 logic levels.

 Clock Skew Details: 

      Source Clock Path spi1_sck to SLICE_926:

   Name    Fanout   Delay (ns)          Site               Resource
ROUTE       133     2.209       K1.PADDI to     R10C9A.CLK spi1_sck_c
                  --------
                    2.209   (0.0% logic, 100.0% route), 0 logic levels.

      Destination Clock Path spi1_sck to SLICE_117:

   Name    Fanout   Delay (ns)          Site               Resource
ROUTE       133     2.209       K1.PADDI to     R3C14B.CLK spi1_sck_c
                  --------
                    2.209   (0.0% logic, 100.0% route), 0 logic levels.


Passed: The following path meets requirements by 28.048ns

 Logical Details:  Cell type  Pin type       Cell/ASIC name  (clock net +/-)

   Source:         FF         Q              spi_update_flags_i0_i1  (from spi1_sck_c +)
   Destination:    FF         Data in        accepted_update_flags_spi_i0_i0  (to spi1_sck_c +)

   Delay:              18.729ns  (32.4% logic, 67.6% route), 13 logic levels.

 Constraint Details:

     18.729ns physical path delay SLICE_928 to SLICE_117 meets
     47.059ns delay constraint less
      0.000ns skew and
      0.282ns CE_SET requirement (totaling 46.777ns) by 28.048ns

 Physical Path Details:

      Data path SLICE_928 to SLICE_117:

   Name    Fanout   Delay (ns)          Site               Resource
REG_DEL     ---     0.452    R10C17D.CLK to     R10C17D.Q1 SLICE_928 (from spi1_sck_c)
ROUTE         5     2.766     R10C17D.Q1 to      R3C20B.A0 expected_next_15_N_1492_3
C0TOFCO_DE  ---     1.023      R3C20B.A0 to     R3C20B.FCO SLICE_67
ROUTE         1     0.000     R3C20B.FCO to     R3C20C.FCI n25618
FCITOFCO_D  ---     0.162     R3C20C.FCI to     R3C20C.FCO SLICE_66
ROUTE         1     0.000     R3C20C.FCO to     R3C20D.FCI n25619
FCITOFCO_D  ---     0.162     R3C20D.FCI to     R3C20D.FCO SLICE_65
ROUTE         1     0.000     R3C20D.FCO to     R3C21A.FCI n25620
FCITOFCO_D  ---     0.162     R3C21A.FCI to     R3C21A.FCO SLICE_64
ROUTE         1     0.000     R3C21A.FCO to     R3C21B.FCI n25621
FCITOF1_DE  ---     0.643     R3C21B.FCI to      R3C21B.F1 SLICE_63
ROUTE         1     1.023      R3C21B.F1 to      R3C22A.B0 expected_next_12
CTOF_DEL    ---     0.495      R3C22A.B0 to      R3C22A.F0 SLICE_1139
ROUTE         1     0.656      R3C22A.F0 to      R3C22C.A0 n13_adj_3666
CTOF_DEL    ---     0.495      R3C22C.A0 to      R3C22C.F0 SLICE_1012
ROUTE         1     1.079      R3C22C.F0 to      R3C19B.C0 n13
CTOF_DEL    ---     0.495      R3C19B.C0 to      R3C19B.F0 SLICE_1011
ROUTE         1     0.436      R3C19B.F0 to      R3C19A.C0 n16
CTOF_DEL    ---     0.495      R3C19A.C0 to      R3C19A.F0 SLICE_970
ROUTE         1     1.498      R3C19A.F0 to      R5C16D.A1 frame_end_N_3010
CTOF_DEL    ---     0.495      R5C16D.A1 to      R5C16D.F1 SLICE_897
ROUTE         2     0.654      R5C16D.F1 to      R6C16C.D1 frame_end
CTOF_DEL    ---     0.495      R6C16C.D1 to      R6C16C.F1 SLICE_962
ROUTE         5     2.041      R6C16C.F1 to      R5C18C.D0 spi1_sck_c_enable_24
CTOF_DEL    ---     0.495      R5C18C.D0 to      R5C18C.F0 SLICE_961
ROUTE         1     2.507      R5C18C.F0 to      R3C14B.CE spi1_sck_c_enable_12 (to spi1_sck_c)
                  --------
                   18.729   (32.4% logic, 67.6% route), 13 logic levels.

 Clock Skew Details: 

      Source Clock Path spi1_sck to SLICE_928:

   Name    Fanout   Delay (ns)          Site               Resource
ROUTE       133     2.209       K1.PADDI to    R10C17D.CLK spi1_sck_c
                  --------
                    2.209   (0.0% logic, 100.0% route), 0 logic levels.

      Destination Clock Path spi1_sck to SLICE_117:

   Name    Fanout   Delay (ns)          Site               Resource
ROUTE       133     2.209       K1.PADDI to     R3C14B.CLK spi1_sck_c
                  --------
                    2.209   (0.0% logic, 100.0% route), 0 logic levels.


Passed: The following path meets requirements by 28.136ns

 Logical Details:  Cell type  Pin type       Cell/ASIC name  (clock net +/-)

   Source:         FF         Q              spi_update_flags_i0_i1  (from spi1_sck_c +)
   Destination:    FF         Data in        accepted_update_flags_spi_i0_i0  (to spi1_sck_c +)

   Delay:              18.641ns  (33.3% logic, 66.7% route), 15 logic levels.

 Constraint Details:

     18.641ns physical path delay SLICE_928 to SLICE_117 meets
     47.059ns delay constraint less
      0.000ns skew and
      0.282ns CE_SET requirement (totaling 46.777ns) by 28.136ns

 Physical Path Details:

      Data path SLICE_928 to SLICE_117:

   Name    Fanout   Delay (ns)          Site               Resource
REG_DEL     ---     0.452    R10C17D.CLK to     R10C17D.Q1 SLICE_928 (from spi1_sck_c)
ROUTE         5     2.803     R10C17D.Q1 to      R3C20A.B1 expected_next_15_N_1492_3
C1TOFCO_DE  ---     0.889      R3C20A.B1 to     R3C20A.FCO SLICE_72
ROUTE         1     0.000     R3C20A.FCO to     R3C20B.FCI n25617
FCITOFCO_D  ---     0.162     R3C20B.FCI to     R3C20B.FCO SLICE_67
ROUTE         1     0.000     R3C20B.FCO to     R3C20C.FCI n25618
FCITOFCO_D  ---     0.162     R3C20C.FCI to     R3C20C.FCO SLICE_66
ROUTE         1     0.000     R3C20C.FCO to     R3C20D.FCI n25619
FCITOFCO_D  ---     0.162     R3C20D.FCI to     R3C20D.FCO SLICE_65
ROUTE         1     0.000     R3C20D.FCO to     R3C21A.FCI n25620
FCITOFCO_D  ---     0.162     R3C21A.FCI to     R3C21A.FCO SLICE_64
ROUTE         1     0.000     R3C21A.FCO to     R3C21B.FCI n25621
FCITOFCO_D  ---     0.162     R3C21B.FCI to     R3C21B.FCO SLICE_63
ROUTE         1     0.000     R3C21B.FCO to     R3C21C.FCI n25622
FCITOF0_DE  ---     0.585     R3C21C.FCI to      R3C21C.F0 SLICE_62
ROUTE         1     0.986      R3C21C.F0 to      R3C22C.A1 expected_next_13
CTOF_DEL    ---     0.495      R3C22C.A1 to      R3C22C.F1 SLICE_1012
ROUTE         1     0.436      R3C22C.F1 to      R3C22C.C0 n14_adj_3664
CTOF_DEL    ---     0.495      R3C22C.C0 to      R3C22C.F0 SLICE_1012
ROUTE         1     1.079      R3C22C.F0 to      R3C19B.C0 n13
CTOF_DEL    ---     0.495      R3C19B.C0 to      R3C19B.F0 SLICE_1011
ROUTE         1     0.436      R3C19B.F0 to      R3C19A.C0 n16
CTOF_DEL    ---     0.495      R3C19A.C0 to      R3C19A.F0 SLICE_970
ROUTE         1     1.498      R3C19A.F0 to      R5C16D.A1 frame_end_N_3010
CTOF_DEL    ---     0.495      R5C16D.A1 to      R5C16D.F1 SLICE_897
ROUTE         2     0.654      R5C16D.F1 to      R6C16C.D1 frame_end
CTOF_DEL    ---     0.495      R6C16C.D1 to      R6C16C.F1 SLICE_962
ROUTE         5     2.041      R6C16C.F1 to      R5C18C.D0 spi1_sck_c_enable_24
CTOF_DEL    ---     0.495      R5C18C.D0 to      R5C18C.F0 SLICE_961
ROUTE         1     2.507      R5C18C.F0 to      R3C14B.CE spi1_sck_c_enable_12 (to spi1_sck_c)
                  --------
                   18.641   (33.3% logic, 66.7% route), 15 logic levels.

 Clock Skew Details: 

      Source Clock Path spi1_sck to SLICE_928:

   Name    Fanout   Delay (ns)          Site               Resource
ROUTE       133     2.209       K1.PADDI to    R10C17D.CLK spi1_sck_c
                  --------
                    2.209   (0.0% logic, 100.0% route), 0 logic levels.

      Destination Clock Path spi1_sck to SLICE_117:

   Name    Fanout   Delay (ns)          Site               Resource
ROUTE       133     2.209       K1.PADDI to     R3C14B.CLK spi1_sck_c
                  --------
                    2.209   (0.0% logic, 100.0% route), 0 logic levels.


Passed: The following path meets requirements by 28.147ns

 Logical Details:  Cell type  Pin type       Cell/ASIC name  (clock net +/-)

   Source:         FF         Q              spi_update_flags_i0_i1  (from spi1_sck_c +)
   Destination:    FF         Data in        accepted_update_flags_spi_i0_i0  (to spi1_sck_c +)

   Delay:              18.630ns  (31.5% logic, 68.5% route), 13 logic levels.

 Constraint Details:

     18.630ns physical path delay SLICE_928 to SLICE_117 meets
     47.059ns delay constraint less
      0.000ns skew and
      0.282ns CE_SET requirement (totaling 46.777ns) by 28.147ns

 Physical Path Details:

      Data path SLICE_928 to SLICE_117:

   Name    Fanout   Delay (ns)          Site               Resource
REG_DEL     ---     0.452    R10C17D.CLK to     R10C17D.Q1 SLICE_928 (from spi1_sck_c)
ROUTE         5     2.803     R10C17D.Q1 to      R3C20A.B1 expected_next_15_N_1492_3
C1TOFCO_DE  ---     0.889      R3C20A.B1 to     R3C20A.FCO SLICE_72
ROUTE         1     0.000     R3C20A.FCO to     R3C20B.FCI n25617
FCITOFCO_D  ---     0.162     R3C20B.FCI to     R3C20B.FCO SLICE_67
ROUTE         1     0.000     R3C20B.FCO to     R3C20C.FCI n25618
FCITOFCO_D  ---     0.162     R3C20C.FCI to     R3C20C.FCO SLICE_66
ROUTE         1     0.000     R3C20C.FCO to     R3C20D.FCI n25619
FCITOFCO_D  ---     0.162     R3C20D.FCI to     R3C20D.FCO SLICE_65
ROUTE         1     0.000     R3C20D.FCO to     R3C21A.FCI n25620
FCITOF0_DE  ---     0.585     R3C21A.FCI to      R3C21A.F0 SLICE_64
ROUTE         1     1.042      R3C21A.F0 to      R3C22A.D1 expected_next_9
CTOF_DEL    ---     0.495      R3C22A.D1 to      R3C22A.F1 SLICE_1139
ROUTE         1     0.693      R3C22A.F1 to      R3C22C.B0 n15_adj_3662
CTOF_DEL    ---     0.495      R3C22C.B0 to      R3C22C.F0 SLICE_1012
ROUTE         1     1.079      R3C22C.F0 to      R3C19B.C0 n13
CTOF_DEL    ---     0.495      R3C19B.C0 to      R3C19B.F0 SLICE_1011
ROUTE         1     0.436      R3C19B.F0 to      R3C19A.C0 n16
CTOF_DEL    ---     0.495      R3C19A.C0 to      R3C19A.F0 SLICE_970
ROUTE         1     1.498      R3C19A.F0 to      R5C16D.A1 frame_end_N_3010
CTOF_DEL    ---     0.495      R5C16D.A1 to      R5C16D.F1 SLICE_897
ROUTE         2     0.654      R5C16D.F1 to      R6C16C.D1 frame_end
CTOF_DEL    ---     0.495      R6C16C.D1 to      R6C16C.F1 SLICE_962
ROUTE         5     2.041      R6C16C.F1 to      R5C18C.D0 spi1_sck_c_enable_24
CTOF_DEL    ---     0.495      R5C18C.D0 to      R5C18C.F0 SLICE_961
ROUTE         1     2.507      R5C18C.F0 to      R3C14B.CE spi1_sck_c_enable_12 (to spi1_sck_c)
                  --------
                   18.630   (31.5% logic, 68.5% route), 13 logic levels.

 Clock Skew Details: 

      Source Clock Path spi1_sck to SLICE_928:

   Name    Fanout   Delay (ns)          Site               Resource
ROUTE       133     2.209       K1.PADDI to    R10C17D.CLK spi1_sck_c
                  --------
                    2.209   (0.0% logic, 100.0% route), 0 logic levels.

      Destination Clock Path spi1_sck to SLICE_117:

   Name    Fanout   Delay (ns)          Site               Resource
ROUTE       133     2.209       K1.PADDI to     R3C14B.CLK spi1_sck_c
                  --------
                    2.209   (0.0% logic, 100.0% route), 0 logic levels.

Report:   51.763MHz is the maximum frequency for this preference.


================================================================================
Preference: FREQUENCY NET "fpga_clk_8m_c" 8.000000 MHz ;
            0 items scored, 0 timing errors detected.
--------------------------------------------------------------------------------

Report Summary
--------------
----------------------------------------------------------------------------
Preference                              |   Constraint|       Actual|Levels
----------------------------------------------------------------------------
                                        |             |             |
FREQUENCY PORT "fpga_clk_8m" 8.000000   |             |             |
MHz ;                                   |    8.000 MHz|  150.015 MHz|   0  
                                        |             |             |
FREQUENCY NET "pll_clk" 64.000000 MHz ; |   64.000 MHz|   70.279 MHz|  11  
                                        |             |             |
FREQUENCY PORT "spi1_sck" 21.250000 MHz |             |             |
;                                       |   21.250 MHz|   51.763 MHz|   9  
                                        |             |             |
FREQUENCY NET "fpga_clk_8m_c" 8.000000  |             |             |
MHz ;                                   |            -|            -|   0  
                                        |             |             |
----------------------------------------------------------------------------


All preferences were met.


Clock Domains Analysis
------------------------

Found 5 clocks:

Clock Domain: spi_mic_sck_c   Source: spi_mic_sck.PAD   Loads: 52
   No transfer within this clock domain is found

Clock Domain: spi1_sck_c   Source: spi1_sck.PAD   Loads: 133
   Covered under: FREQUENCY PORT "spi1_sck" 21.250000 MHz ;

Clock Domain: pll_feedback   Source: fpga_pll_i.CLKINTFB   Loads: 1
   No transfer within this clock domain is found

Clock Domain: pll_clk   Source: fpga_pll_i.CLKOP   Loads: 567
   Covered under: FREQUENCY NET "pll_clk" 64.000000 MHz ;

   Data transfers from:
   Clock Domain: spi1_sck_c   Source: spi1_sck.PAD
      Not reported because source and destination domains are unrelated.

Clock Domain: fpga_clk_8m_c   Source: fpga_clk_8m.PAD   Loads: 1
   No transfer within this clock domain is found


Timing summary (Setup):
---------------

Timing errors: 0  Score: 0
Cumulative negative slack: 0

Constraints cover 33052 paths, 4 nets, and 6965 connections (84.57% coverage)

--------------------------------------------------------------------------------
Lattice TRACE Report - Hold, Version Diamond (64-bit) 3.13.0.56.2
Tue Sep 29 19:07:31 2026

Copyright (c) 1991-1994 by NeoCAD Inc. All rights reserved.
Copyright (c) 1995 AT&T Corp.   All rights reserved.
Copyright (c) 1995-2001 Lucent Technologies Inc.  All rights reserved.
Copyright (c) 2001 Agere Systems   All rights reserved.
Copyright (c) 2002-2023 Lattice Semiconductor Corporation,  All rights reserved.

Report Information
------------------
Command line:    trce -v 10 -gt -sethld -sp 4 -sphld m -o UMH_7_UMH_7_1.twr UMH_7_UMH_7_1.ncd UMH_7_UMH_7_1.prf 
Design file:     umh_7_umh_7_1.ncd
Preference file: umh_7_umh_7_1.prf
Device,speed:    LCMXO2-2000HC,m
Report level:    verbose report, limited to 10 items per preference
--------------------------------------------------------------------------------

BLOCK ASYNCPATHS
BLOCK RESETPATHS
--------------------------------------------------------------------------------



================================================================================
Preference: FREQUENCY PORT "fpga_clk_8m" 8.000000 MHz ;
            0 items scored, 0 timing errors detected.
--------------------------------------------------------------------------------


================================================================================
Preference: FREQUENCY NET "pll_clk" 64.000000 MHz ;
            4096 items scored, 0 timing errors detected.
--------------------------------------------------------------------------------


Passed: The following path meets requirements by 0.219ns

 Logical Details:  Cell type  Pin type       Cell/ASIC name  (clock net +/-)

   Source:         FF         Q              mic_ram_wr_data_i0_i0  (from pll_clk +)
   Destination:    PDPW8KC    Port           mic_iq_ram/mem0(ASIC)  (to pll_clk +)

   Delay:               0.324ns  (41.0% logic, 59.0% route), 1 logic levels.

 Constraint Details:

      0.324ns physical path delay SLICE_449 to mic_iq_ram/mem0 meets
      0.051ns DATA_HLD and
      0.000ns delay constraint less
     -0.054ns skew requirement (totaling 0.105ns) by 0.219ns

 Physical Path Details:

      Data path SLICE_449 to mic_iq_ram/mem0:

   Name    Fanout   Delay (ns)          Site               Resource
REG_DEL     ---     0.133      R9C4C.CLK to       R9C4C.Q1 SLICE_449 (from pll_clk)
ROUTE         1     0.191       R9C4C.Q1 to   EBR_R8C2.DI0 mic_ram_wr_data_0 (to pll_clk)
                  --------
                    0.324   (41.0% logic, 59.0% route), 1 logic levels.

 Clock Skew Details: 

      Source Clock Path fpga_pll_i to SLICE_449:

   Name    Fanout   Delay (ns)          Site               Resource
ROUTE       567     0.644     LPLL.CLKOP to      R9C4C.CLK pll_clk
                  --------
                    0.644   (0.0% logic, 100.0% route), 0 logic levels.

      Destination Clock Path fpga_pll_i to mic_iq_ram/mem0:

   Name    Fanout   Delay (ns)          Site               Resource
ROUTE       567     0.698     LPLL.CLKOP to  EBR_R8C2.CLKW pll_clk
                  --------
                    0.698   (0.0% logic, 100.0% route), 0 logic levels.


Passed: The following path meets requirements by 0.235ns

 Logical Details:  Cell type  Pin type       Cell/ASIC name  (clock net +/-)

   Source:         FF         Q              mic_ram_wr_data_i0_i2  (from pll_clk +)
   Destination:    PDPW8KC    Port           mic_iq_ram/mem0(ASIC)  (to pll_clk +)

   Delay:               0.340ns  (39.1% logic, 60.9% route), 1 logic levels.

 Constraint Details:

      0.340ns physical path delay SLICE_87 to mic_iq_ram/mem0 meets
      0.051ns DATA_HLD and
      0.000ns delay constraint less
     -0.054ns skew requirement (totaling 0.105ns) by 0.235ns

 Physical Path Details:

      Data path SLICE_87 to mic_iq_ram/mem0:

   Name    Fanout   Delay (ns)          Site               Resource
REG_DEL     ---     0.133      R7C3A.CLK to       R7C3A.Q1 SLICE_87 (from pll_clk)
ROUTE         1     0.207       R7C3A.Q1 to   EBR_R8C2.DI2 mic_ram_wr_data_2 (to pll_clk)
                  --------
                    0.340   (39.1% logic, 60.9% route), 1 logic levels.

 Clock Skew Details: 

      Source Clock Path fpga_pll_i to SLICE_87:

   Name    Fanout   Delay (ns)          Site               Resource
ROUTE       567     0.644     LPLL.CLKOP to      R7C3A.CLK pll_clk
                  --------
                    0.644   (0.0% logic, 100.0% route), 0 logic levels.

      Destination Clock Path fpga_pll_i to mic_iq_ram/mem0:

   Name    Fanout   Delay (ns)          Site               Resource
ROUTE       567     0.698     LPLL.CLKOP to  EBR_R8C2.CLKW pll_clk
                  --------
                    0.698   (0.0% logic, 100.0% route), 0 logic levels.


Passed: The following path meets requirements by 0.239ns

 Logical Details:  Cell type  Pin type       Cell/ASIC name  (clock net +/-)

   Source:         FF         Q              mic_ram_wr_data_i0_i13  (from pll_clk +)
   Destination:    PDPW8KC    Port           mic_iq_ram/mem0(ASIC)  (to pll_clk +)

   Delay:               0.304ns  (43.8% logic, 56.3% route), 1 logic levels.

 Constraint Details:

      0.304ns physical path delay SLICE_80 to mic_iq_ram/mem0 meets
      0.011ns DATA_HLD and
      0.000ns delay constraint less
     -0.054ns skew requirement (totaling 0.065ns) by 0.239ns

 Physical Path Details:

      Data path SLICE_80 to mic_iq_ram/mem0:

   Name    Fanout   Delay (ns)          Site               Resource
REG_DEL     ---     0.133      R7C4C.CLK to       R7C4C.Q0 SLICE_80 (from pll_clk)
ROUTE         1     0.171       R7C4C.Q0 to  EBR_R8C2.DI13 mic_ram_wr_data_13 (to pll_clk)
                  --------
                    0.304   (43.8% logic, 56.3% route), 1 logic levels.

 Clock Skew Details: 

      Source Clock Path fpga_pll_i to SLICE_80:

   Name    Fanout   Delay (ns)          Site               Resource
ROUTE       567     0.644     LPLL.CLKOP to      R7C4C.CLK pll_clk
                  --------
                    0.644   (0.0% logic, 100.0% route), 0 logic levels.

      Destination Clock Path fpga_pll_i to mic_iq_ram/mem0:

   Name    Fanout   Delay (ns)          Site               Resource
ROUTE       567     0.698     LPLL.CLKOP to  EBR_R8C2.CLKW pll_clk
                  --------
                    0.698   (0.0% logic, 100.0% route), 0 logic levels.


Passed: The following path meets requirements by 0.239ns

 Logical Details:  Cell type  Pin type       Cell/ASIC name  (clock net +/-)

   Source:         FF         Q              mic_ram_wr_data_i0_i9  (from pll_clk +)
   Destination:    PDPW8KC    Port           mic_iq_ram/mem0(ASIC)  (to pll_clk +)

   Delay:               0.304ns  (43.8% logic, 56.3% route), 1 logic levels.

 Constraint Details:

      0.304ns physical path delay SLICE_83 to mic_iq_ram/mem0 meets
      0.011ns DATA_HLD and
      0.000ns delay constraint less
     -0.054ns skew requirement (totaling 0.065ns) by 0.239ns

 Physical Path Details:

      Data path SLICE_83 to mic_iq_ram/mem0:

   Name    Fanout   Delay (ns)          Site               Resource
REG_DEL     ---     0.133      R7C4A.CLK to       R7C4A.Q0 SLICE_83 (from pll_clk)
ROUTE         1     0.171       R7C4A.Q0 to   EBR_R8C2.DI9 mic_ram_wr_data_9 (to pll_clk)
                  --------
                    0.304   (43.8% logic, 56.3% route), 1 logic levels.

 Clock Skew Details: 

      Source Clock Path fpga_pll_i to SLICE_83:

   Name    Fanout   Delay (ns)          Site               Resource
ROUTE       567     0.644     LPLL.CLKOP to      R7C4A.CLK pll_clk
                  --------
                    0.644   (0.0% logic, 100.0% route), 0 logic levels.

      Destination Clock Path fpga_pll_i to mic_iq_ram/mem0:

   Name    Fanout   Delay (ns)          Site               Resource
ROUTE       567     0.698     LPLL.CLKOP to  EBR_R8C2.CLKW pll_clk
                  --------
                    0.698   (0.0% logic, 100.0% route), 0 logic levels.


Passed: The following path meets requirements by 0.304ns

 Logical Details:  Cell type  Pin type       Cell/ASIC name  (clock net +/-)

   Source:         FF         Q              accepted_sequence_i3  (from pll_clk +)
   Destination:    FF         Data in        status_hold__i12  (to pll_clk +)

   Delay:               0.285ns  (46.7% logic, 53.3% route), 1 logic levels.

 Constraint Details:

      0.285ns physical path delay SLICE_192 to SLICE_925 meets
     -0.019ns M_HLD and
      0.000ns delay constraint less
      0.000ns skew requirement (totaling -0.019ns) by 0.304ns

 Physical Path Details:

      Data path SLICE_192 to SLICE_925:

   Name    Fanout   Delay (ns)          Site               Resource
REG_DEL     ---     0.133    R12C17B.CLK to     R12C17B.Q1 SLICE_192 (from pll_clk)
ROUTE         1     0.152     R12C17B.Q1 to     R12C17C.M1 accepted_sequence_3 (to pll_clk)
                  --------
                    0.285   (46.7% logic, 53.3% route), 1 logic levels.

 Clock Skew Details: 

      Source Clock Path fpga_pll_i to SLICE_192:

   Name    Fanout   Delay (ns)          Site               Resource
ROUTE       567     0.644     LPLL.CLKOP to    R12C17B.CLK pll_clk
                  --------
                    0.644   (0.0% logic, 100.0% route), 0 logic levels.

      Destination Clock Path fpga_pll_i to SLICE_925:

   Name    Fanout   Delay (ns)          Site               Resource
ROUTE       567     0.644     LPLL.CLKOP to    R12C17C.CLK pll_clk
                  --------
                    0.644   (0.0% logic, 100.0% route), 0 logic levels.


Passed: The following path meets requirements by 0.304ns

 Logical Details:  Cell type  Pin type       Cell/ASIC name  (clock net +/-)

   Source:         FF         Q              accepted_sequence_i2  (from pll_clk +)
   Destination:    FF         Data in        status_hold__i11  (to pll_clk +)

   Delay:               0.285ns  (46.7% logic, 53.3% route), 1 logic levels.

 Constraint Details:

      0.285ns physical path delay SLICE_192 to SLICE_925 meets
     -0.019ns M_HLD and
      0.000ns delay constraint less
      0.000ns skew requirement (totaling -0.019ns) by 0.304ns

 Physical Path Details:

      Data path SLICE_192 to SLICE_925:

   Name    Fanout   Delay (ns)          Site               Resource
REG_DEL     ---     0.133    R12C17B.CLK to     R12C17B.Q0 SLICE_192 (from pll_clk)
ROUTE         1     0.152     R12C17B.Q0 to     R12C17C.M0 accepted_sequence_2 (to pll_clk)
                  --------
                    0.285   (46.7% logic, 53.3% route), 1 logic levels.

 Clock Skew Details: 

      Source Clock Path fpga_pll_i to SLICE_192:

   Name    Fanout   Delay (ns)          Site               Resource
ROUTE       567     0.644     LPLL.CLKOP to    R12C17B.CLK pll_clk
                  --------
                    0.644   (0.0% logic, 100.0% route), 0 logic levels.

      Destination Clock Path fpga_pll_i to SLICE_925:

   Name    Fanout   Delay (ns)          Site               Resource
ROUTE       567     0.644     LPLL.CLKOP to    R12C17C.CLK pll_clk
                  --------
                    0.644   (0.0% logic, 100.0% route), 0 logic levels.


Passed: The following path meets requirements by 0.304ns

 Logical Details:  Cell type  Pin type       Cell/ASIC name  (clock net +/-)

   Source:         FF         Q              accepted_sequence_i4  (from pll_clk +)
   Destination:    FF         Data in        status_hold__i13  (to pll_clk +)

   Delay:               0.285ns  (46.7% logic, 53.3% route), 1 logic levels.

 Constraint Details:

      0.285ns physical path delay SLICE_193 to SLICE_932 meets
     -0.019ns M_HLD and
      0.000ns delay constraint less
      0.000ns skew requirement (totaling -0.019ns) by 0.304ns

 Physical Path Details:

      Data path SLICE_193 to SLICE_932:

   Name    Fanout   Delay (ns)          Site               Resource
REG_DEL     ---     0.133    R11C15A.CLK to     R11C15A.Q0 SLICE_193 (from pll_clk)
ROUTE         1     0.152     R11C15A.Q0 to     R11C15D.M0 accepted_sequence_4 (to pll_clk)
                  --------
                    0.285   (46.7% logic, 53.3% route), 1 logic levels.

 Clock Skew Details: 

      Source Clock Path fpga_pll_i to SLICE_193:

   Name    Fanout   Delay (ns)          Site               Resource
ROUTE       567     0.644     LPLL.CLKOP to    R11C15A.CLK pll_clk
                  --------
                    0.644   (0.0% logic, 100.0% route), 0 logic levels.

      Destination Clock Path fpga_pll_i to SLICE_932:

   Name    Fanout   Delay (ns)          Site               Resource
ROUTE       567     0.644     LPLL.CLKOP to    R11C15D.CLK pll_clk
                  --------
                    0.644   (0.0% logic, 100.0% route), 0 logic levels.


Passed: The following path meets requirements by 0.304ns

 Logical Details:  Cell type  Pin type       Cell/ASIC name  (clock net +/-)

   Source:         FF         Q              accepted_sequence_i5  (from pll_clk +)
   Destination:    FF         Data in        status_hold__i14  (to pll_clk +)

   Delay:               0.285ns  (46.7% logic, 53.3% route), 1 logic levels.

 Constraint Details:

      0.285ns physical path delay SLICE_193 to SLICE_932 meets
     -0.019ns M_HLD and
      0.000ns delay constraint less
      0.000ns skew requirement (totaling -0.019ns) by 0.304ns

 Physical Path Details:

      Data path SLICE_193 to SLICE_932:

   Name    Fanout   Delay (ns)          Site               Resource
REG_DEL     ---     0.133    R11C15A.CLK to     R11C15A.Q1 SLICE_193 (from pll_clk)
ROUTE         1     0.152     R11C15A.Q1 to     R11C15D.M1 accepted_sequence_5 (to pll_clk)
                  --------
                    0.285   (46.7% logic, 53.3% route), 1 logic levels.

 Clock Skew Details: 

      Source Clock Path fpga_pll_i to SLICE_193:

   Name    Fanout   Delay (ns)          Site               Resource
ROUTE       567     0.644     LPLL.CLKOP to    R11C15A.CLK pll_clk
                  --------
                    0.644   (0.0% logic, 100.0% route), 0 logic levels.

      Destination Clock Path fpga_pll_i to SLICE_932:

   Name    Fanout   Delay (ns)          Site               Resource
ROUTE       567     0.644     LPLL.CLKOP to    R11C15D.CLK pll_clk
                  --------
                    0.644   (0.0% logic, 100.0% route), 0 logic levels.


Passed: The following path meets requirements by 0.304ns

 Logical Details:  Cell type  Pin type       Cell/ASIC name  (clock net +/-)

   Source:         FF         Q              audio_fifo/rd_data_i5  (from pll_clk +)
   Destination:    FF         Data in        pending_audio_level__i5  (to pll_clk +)

   Delay:               0.285ns  (46.7% logic, 53.3% route), 1 logic levels.

 Constraint Details:

      0.285ns physical path delay SLICE_211 to SLICE_1063 meets
     -0.019ns M_HLD and
      0.000ns delay constraint less
      0.000ns skew requirement (totaling -0.019ns) by 0.304ns

 Physical Path Details:

      Data path SLICE_211 to SLICE_1063:

   Name    Fanout   Delay (ns)          Site               Resource
REG_DEL     ---     0.133      R5C8B.CLK to       R5C8B.Q1 SLICE_211 (from pll_clk)
ROUTE         1     0.152       R5C8B.Q1 to       R5C8A.M1 afifo_q_5 (to pll_clk)
                  --------
                    0.285   (46.7% logic, 53.3% route), 1 logic levels.

 Clock Skew Details: 

      Source Clock Path fpga_pll_i to SLICE_211:

   Name    Fanout   Delay (ns)          Site               Resource
ROUTE       567     0.644     LPLL.CLKOP to      R5C8B.CLK pll_clk
                  --------
                    0.644   (0.0% logic, 100.0% route), 0 logic levels.

      Destination Clock Path fpga_pll_i to SLICE_1063:

   Name    Fanout   Delay (ns)          Site               Resource
ROUTE       567     0.644     LPLL.CLKOP to      R5C8A.CLK pll_clk
                  --------
                    0.644   (0.0% logic, 100.0% route), 0 logic levels.


Passed: The following path meets requirements by 0.304ns

 Logical Details:  Cell type  Pin type       Cell/ASIC name  (clock net +/-)

   Source:         FF         Q              stop_toggle_meta_1133  (from pll_clk +)
   Destination:    FF         Data in        stop_toggle_sync_1134  (to pll_clk +)

   Delay:               0.285ns  (46.7% logic, 53.3% route), 1 logic levels.

 Constraint Details:

      0.285ns physical path delay SLICE_771 to SLICE_771 meets
     -0.019ns M_HLD and
      0.000ns delay constraint less
      0.000ns skew requirement (totaling -0.019ns) by 0.304ns

 Physical Path Details:

      Data path SLICE_771 to SLICE_771:

   Name    Fanout   Delay (ns)          Site               Resource
REG_DEL     ---     0.133     R6C15D.CLK to      R6C15D.Q1 SLICE_771 (from pll_clk)
ROUTE         1     0.152      R6C15D.Q1 to      R6C15D.M0 stop_toggle_meta (to pll_clk)
                  --------
                    0.285   (46.7% logic, 53.3% route), 1 logic levels.

 Clock Skew Details: 

      Source Clock Path fpga_pll_i to SLICE_771:

   Name    Fanout   Delay (ns)          Site               Resource
ROUTE       567     0.644     LPLL.CLKOP to     R6C15D.CLK pll_clk
                  --------
                    0.644   (0.0% logic, 100.0% route), 0 logic levels.

      Destination Clock Path fpga_pll_i to SLICE_771:

   Name    Fanout   Delay (ns)          Site               Resource
ROUTE       567     0.644     LPLL.CLKOP to     R6C15D.CLK pll_clk
                  --------
                    0.644   (0.0% logic, 100.0% route), 0 logic levels.


================================================================================
Preference: FREQUENCY PORT "spi1_sck" 21.250000 MHz ;
            4096 items scored, 0 timing errors detected.
--------------------------------------------------------------------------------


Passed: The following path meets requirements by 0.241ns

 Logical Details:  Cell type  Pin type       Cell/ASIC name  (clock net +/-)

   Source:         FF         Q              spi_phase_pending_i0_i6  (from spi1_sck_c +)
   Destination:    PDPW8KC    Port           staging_ram/mem0(ASIC)  (to spi1_sck_c +)

   Delay:               0.306ns  (43.5% logic, 56.5% route), 1 logic levels.

 Constraint Details:

      0.306ns physical path delay SLICE_1036 to staging_ram/mem0 meets
      0.011ns DATA_HLD and
      0.000ns delay constraint less
     -0.054ns skew requirement (totaling 0.065ns) by 0.241ns

 Physical Path Details:

      Data path SLICE_1036 to staging_ram/mem0:

   Name    Fanout   Delay (ns)          Site               Resource
REG_DEL     ---     0.133     R7C10D.CLK to      R7C10D.Q0 SLICE_1036 (from spi1_sck_c)
ROUTE         2     0.173      R7C10D.Q0 to  EBR_R8C8.DI14 spi_phase_pending_6 (to spi1_sck_c)
                  --------
                    0.306   (43.5% logic, 56.5% route), 1 logic levels.

 Clock Skew Details: 

      Source Clock Path spi1_sck to SLICE_1036:

   Name    Fanout   Delay (ns)          Site               Resource
ROUTE       133     0.815       K1.PADDI to     R7C10D.CLK spi1_sck_c
                  --------
                    0.815   (0.0% logic, 100.0% route), 0 logic levels.

      Destination Clock Path spi1_sck to staging_ram/mem0:

   Name    Fanout   Delay (ns)          Site               Resource
ROUTE       133     0.869       K1.PADDI to  EBR_R8C8.CLKW spi1_sck_c
                  --------
                    0.869   (0.0% logic, 100.0% route), 0 logic levels.


Passed: The following path meets requirements by 0.306ns

 Logical Details:  Cell type  Pin type       Cell/ASIC name  (clock net +/-)

   Source:         FF         Q              spi_phase_pending_i0_i0  (from spi1_sck_c +)
   Destination:    FF         Data in        mem_2857  (to spi1_sck_c +)

   Delay:               0.287ns  (46.3% logic, 53.7% route), 1 logic levels.

 Constraint Details:

      0.287ns physical path delay SLICE_1020 to SLICE_1008 meets
     -0.019ns M_HLD and
      0.000ns delay constraint less
      0.000ns skew requirement (totaling -0.019ns) by 0.306ns

 Physical Path Details:

      Data path SLICE_1020 to SLICE_1008:

   Name    Fanout   Delay (ns)          Site               Resource
REG_DEL     ---     0.133      R7C9A.CLK to       R7C9A.Q0 SLICE_1020 (from spi1_sck_c)
ROUTE         2     0.154       R7C9A.Q0 to       R7C9D.M1 spi_phase_pending_0 (to spi1_sck_c)
                  --------
                    0.287   (46.3% logic, 53.7% route), 1 logic levels.

 Clock Skew Details: 

      Source Clock Path spi1_sck to SLICE_1020:

   Name    Fanout   Delay (ns)          Site               Resource
ROUTE       133     0.815       K1.PADDI to      R7C9A.CLK spi1_sck_c
                  --------
                    0.815   (0.0% logic, 100.0% route), 0 logic levels.

      Destination Clock Path spi1_sck to SLICE_1008:

   Name    Fanout   Delay (ns)          Site               Resource
ROUTE       133     0.815       K1.PADDI to      R7C9D.CLK spi1_sck_c
                  --------
                    0.815   (0.0% logic, 100.0% route), 0 logic levels.


Passed: The following path meets requirements by 0.306ns

 Logical Details:  Cell type  Pin type       Cell/ASIC name  (clock net +/-)

   Source:         FF         Q              spi_frame_sequence_i0_i14  (from spi1_sck_c +)
   Destination:    FF         Data in        accepted_sequence_spi_i0_i14  (to spi1_sck_c +)

   Delay:               0.287ns  (46.3% logic, 53.7% route), 1 logic levels.

 Constraint Details:

      0.287ns physical path delay SLICE_1049 to SLICE_68 meets
     -0.019ns M_HLD and
      0.000ns delay constraint less
      0.000ns skew requirement (totaling -0.019ns) by 0.306ns

 Physical Path Details:

      Data path SLICE_1049 to SLICE_68:

   Name    Fanout   Delay (ns)          Site               Resource
REG_DEL     ---     0.133     R5C18D.CLK to      R5C18D.Q0 SLICE_1049 (from spi1_sck_c)
ROUTE         1     0.154      R5C18D.Q0 to      R6C18D.M0 spi_frame_sequence_14 (to spi1_sck_c)
                  --------
                    0.287   (46.3% logic, 53.7% route), 1 logic levels.

 Clock Skew Details: 

      Source Clock Path spi1_sck to SLICE_1049:

   Name    Fanout   Delay (ns)          Site               Resource
ROUTE       133     0.815       K1.PADDI to     R5C18D.CLK spi1_sck_c
                  --------
                    0.815   (0.0% logic, 100.0% route), 0 logic levels.

      Destination Clock Path spi1_sck to SLICE_68:

   Name    Fanout   Delay (ns)          Site               Resource
ROUTE       133     0.815       K1.PADDI to     R6C18D.CLK spi1_sck_c
                  --------
                    0.815   (0.0% logic, 100.0% route), 0 logic levels.


Passed: The following path meets requirements by 0.306ns

 Logical Details:  Cell type  Pin type       Cell/ASIC name  (clock net +/-)

   Source:         FF         Q              spi_frame_sequence_i0_i10  (from spi1_sck_c +)
   Destination:    FF         Data in        accepted_sequence_spi_i0_i10  (to spi1_sck_c +)

   Delay:               0.287ns  (46.3% logic, 53.7% route), 1 logic levels.

 Constraint Details:

      0.287ns physical path delay SLICE_977 to SLICE_70 meets
     -0.019ns M_HLD and
      0.000ns delay constraint less
      0.000ns skew requirement (totaling -0.019ns) by 0.306ns

 Physical Path Details:

      Data path SLICE_977 to SLICE_70:

   Name    Fanout   Delay (ns)          Site               Resource
REG_DEL     ---     0.133     R6C16B.CLK to      R6C16B.Q0 SLICE_977 (from spi1_sck_c)
ROUTE         1     0.154      R6C16B.Q0 to      R6C18B.M0 spi_frame_sequence_10 (to spi1_sck_c)
                  --------
                    0.287   (46.3% logic, 53.7% route), 1 logic levels.

 Clock Skew Details: 

      Source Clock Path spi1_sck to SLICE_977:

   Name    Fanout   Delay (ns)          Site               Resource
ROUTE       133     0.815       K1.PADDI to     R6C16B.CLK spi1_sck_c
                  --------
                    0.815   (0.0% logic, 100.0% route), 0 logic levels.

      Destination Clock Path spi1_sck to SLICE_70:

   Name    Fanout   Delay (ns)          Site               Resource
ROUTE       133     0.815       K1.PADDI to     R6C18B.CLK spi1_sck_c
                  --------
                    0.815   (0.0% logic, 100.0% route), 0 logic levels.


Passed: The following path meets requirements by 0.308ns

 Logical Details:  Cell type  Pin type       Cell/ASIC name  (clock net +/-)

   Source:         FF         Q              spi_rx_shift_i3  (from spi1_sck_c +)
   Destination:    FF         Data in        spi_rx_shift_i4  (to spi1_sck_c +)

   Delay:               0.289ns  (46.0% logic, 54.0% route), 1 logic levels.

 Constraint Details:

      0.289ns physical path delay SLICE_926 to SLICE_926 meets
     -0.019ns M_HLD and
      0.000ns delay constraint less
      0.000ns skew requirement (totaling -0.019ns) by 0.308ns

 Physical Path Details:

      Data path SLICE_926 to SLICE_926:

   Name    Fanout   Delay (ns)          Site               Resource
REG_DEL     ---     0.133     R10C9A.CLK to      R10C9A.Q0 SLICE_926 (from spi1_sck_c)
ROUTE        21     0.156      R10C9A.Q0 to      R10C9A.M1 spi_rx_shift_2 (to spi1_sck_c)
                  --------
                    0.289   (46.0% logic, 54.0% route), 1 logic levels.

 Clock Skew Details: 

      Source Clock Path spi1_sck to SLICE_926:

   Name    Fanout   Delay (ns)          Site               Resource
ROUTE       133     0.815       K1.PADDI to     R10C9A.CLK spi1_sck_c
                  --------
                    0.815   (0.0% logic, 100.0% route), 0 logic levels.

      Destination Clock Path spi1_sck to SLICE_926:

   Name    Fanout   Delay (ns)          Site               Resource
ROUTE       133     0.815       K1.PADDI to     R10C9A.CLK spi1_sck_c
                  --------
                    0.815   (0.0% logic, 100.0% route), 0 logic levels.


Passed: The following path meets requirements by 0.308ns

 Logical Details:  Cell type  Pin type       Cell/ASIC name  (clock net +/-)

   Source:         FF         Q              spi_rx_shift_i5  (from spi1_sck_c +)
   Destination:    FF         Data in        spi_rx_shift_i6  (to spi1_sck_c +)

   Delay:               0.289ns  (46.0% logic, 54.0% route), 1 logic levels.

 Constraint Details:

      0.289ns physical path delay SLICE_939 to SLICE_939 meets
     -0.019ns M_HLD and
      0.000ns delay constraint less
      0.000ns skew requirement (totaling -0.019ns) by 0.308ns

 Physical Path Details:

      Data path SLICE_939 to SLICE_939:

   Name    Fanout   Delay (ns)          Site               Resource
REG_DEL     ---     0.133     R3C16D.CLK to      R3C16D.Q0 SLICE_939 (from spi1_sck_c)
ROUTE        21     0.156      R3C16D.Q0 to      R3C16D.M1 spi_rx_shift_4 (to spi1_sck_c)
                  --------
                    0.289   (46.0% logic, 54.0% route), 1 logic levels.

 Clock Skew Details: 

      Source Clock Path spi1_sck to SLICE_939:

   Name    Fanout   Delay (ns)          Site               Resource
ROUTE       133     0.815       K1.PADDI to     R3C16D.CLK spi1_sck_c
                  --------
                    0.815   (0.0% logic, 100.0% route), 0 logic levels.

      Destination Clock Path spi1_sck to SLICE_939:

   Name    Fanout   Delay (ns)          Site               Resource
ROUTE       133     0.815       K1.PADDI to     R3C16D.CLK spi1_sck_c
                  --------
                    0.815   (0.0% logic, 100.0% route), 0 logic levels.


Passed: The following path meets requirements by 0.310ns

 Logical Details:  Cell type  Pin type       Cell/ASIC name  (clock net +/-)

   Source:         FF         Q              spi_rx_shift_i1  (from spi1_sck_c +)
   Destination:    FF         Data in        rgb_values_i0_i1  (to spi1_sck_c +)

   Delay:               0.291ns  (45.7% logic, 54.3% route), 1 logic levels.

 Constraint Details:

      0.291ns physical path delay SLICE_1131 to SLICE_1023 meets
     -0.019ns M_HLD and
      0.000ns delay constraint less
      0.000ns skew requirement (totaling -0.019ns) by 0.310ns

 Physical Path Details:

      Data path SLICE_1131 to SLICE_1023:

   Name    Fanout   Delay (ns)          Site               Resource
REG_DEL     ---     0.133     R3C16A.CLK to      R3C16A.Q0 SLICE_1131 (from spi1_sck_c)
ROUTE        22     0.158      R3C16A.Q0 to      R3C16B.M1 spi_rx_shift_0 (to spi1_sck_c)
                  --------
                    0.291   (45.7% logic, 54.3% route), 1 logic levels.

 Clock Skew Details: 

      Source Clock Path spi1_sck to SLICE_1131:

   Name    Fanout   Delay (ns)          Site               Resource
ROUTE       133     0.815       K1.PADDI to     R3C16A.CLK spi1_sck_c
                  --------
                    0.815   (0.0% logic, 100.0% route), 0 logic levels.

      Destination Clock Path spi1_sck to SLICE_1023:

   Name    Fanout   Delay (ns)          Site               Resource
ROUTE       133     0.815       K1.PADDI to     R3C16B.CLK spi1_sck_c
                  --------
                    0.815   (0.0% logic, 100.0% route), 0 logic levels.


Passed: The following path meets requirements by 0.310ns

 Logical Details:  Cell type  Pin type       Cell/ASIC name  (clock net +/-)

   Source:         FF         Q              spi_rx_shift_i1  (from spi1_sck_c +)
   Destination:    FF         Data in        spi_rx_shift_i2  (to spi1_sck_c +)

   Delay:               0.291ns  (45.7% logic, 54.3% route), 1 logic levels.

 Constraint Details:

      0.291ns physical path delay SLICE_1131 to SLICE_1131 meets
     -0.019ns M_HLD and
      0.000ns delay constraint less
      0.000ns skew requirement (totaling -0.019ns) by 0.310ns

 Physical Path Details:

      Data path SLICE_1131 to SLICE_1131:

   Name    Fanout   Delay (ns)          Site               Resource
REG_DEL     ---     0.133     R3C16A.CLK to      R3C16A.Q0 SLICE_1131 (from spi1_sck_c)
ROUTE        22     0.158      R3C16A.Q0 to      R3C16A.M1 spi_rx_shift_0 (to spi1_sck_c)
                  --------
                    0.291   (45.7% logic, 54.3% route), 1 logic levels.

 Clock Skew Details: 

      Source Clock Path spi1_sck to SLICE_1131:

   Name    Fanout   Delay (ns)          Site               Resource
ROUTE       133     0.815       K1.PADDI to     R3C16A.CLK spi1_sck_c
                  --------
                    0.815   (0.0% logic, 100.0% route), 0 logic levels.

      Destination Clock Path spi1_sck to SLICE_1131:

   Name    Fanout   Delay (ns)          Site               Resource
ROUTE       133     0.815       K1.PADDI to     R3C16A.CLK spi1_sck_c
                  --------
                    0.815   (0.0% logic, 100.0% route), 0 logic levels.


Passed: The following path meets requirements by 0.321ns

 Logical Details:  Cell type  Pin type       Cell/ASIC name  (clock net +/-)

   Source:         FF         Q              spi_phase_pending_i0_i0  (from spi1_sck_c +)
   Destination:    PDPW8KC    Port           staging_ram/mem0(ASIC)  (to spi1_sck_c +)

   Delay:               0.426ns  (31.2% logic, 68.8% route), 1 logic levels.

 Constraint Details:

      0.426ns physical path delay SLICE_1020 to staging_ram/mem0 meets
      0.051ns DATA_HLD and
      0.000ns delay constraint less
     -0.054ns skew requirement (totaling 0.105ns) by 0.321ns

 Physical Path Details:

      Data path SLICE_1020 to staging_ram/mem0:

   Name    Fanout   Delay (ns)          Site               Resource
REG_DEL     ---     0.133      R7C9A.CLK to       R7C9A.Q0 SLICE_1020 (from spi1_sck_c)
ROUTE         2     0.293       R7C9A.Q0 to   EBR_R8C8.DI8 spi_phase_pending_0 (to spi1_sck_c)
                  --------
                    0.426   (31.2% logic, 68.8% route), 1 logic levels.

 Clock Skew Details: 

      Source Clock Path spi1_sck to SLICE_1020:

   Name    Fanout   Delay (ns)          Site               Resource
ROUTE       133     0.815       K1.PADDI to      R7C9A.CLK spi1_sck_c
                  --------
                    0.815   (0.0% logic, 100.0% route), 0 logic levels.

      Destination Clock Path spi1_sck to staging_ram/mem0:

   Name    Fanout   Delay (ns)          Site               Resource
ROUTE       133     0.869       K1.PADDI to  EBR_R8C8.CLKW spi1_sck_c
                  --------
                    0.869   (0.0% logic, 100.0% route), 0 logic levels.


Passed: The following path meets requirements by 0.379ns

 Logical Details:  Cell type  Pin type       Cell/ASIC name  (clock net +/-)

   Source:         FF         Q              status_bit_index_2594__i0  (from spi1_sck_c -)
   Destination:    FF         Data in        status_bit_index_2594__i0  (to spi1_sck_c -)

   Delay:               0.366ns  (63.9% logic, 36.1% route), 2 logic levels.

 Constraint Details:

      0.366ns physical path delay SLICE_111 to SLICE_111 meets
     -0.013ns DIN_HLD and
      0.000ns delay constraint less
      0.000ns skew requirement (totaling -0.013ns) by 0.379ns

 Physical Path Details:

      Data path SLICE_111 to SLICE_111:

   Name    Fanout   Delay (ns)          Site               Resource
REG_DEL     ---     0.133    R12C14A.CLK to     R12C14A.Q1 SLICE_111 (from spi1_sck_c)
ROUTE        54     0.132     R12C14A.Q1 to     R12C14A.A1 status_bit_index_0
CTOF_DEL    ---     0.101     R12C14A.A1 to     R12C14A.F1 SLICE_111
ROUTE         1     0.000     R12C14A.F1 to    R12C14A.DI1 n50 (to spi1_sck_c)
                  --------
                    0.366   (63.9% logic, 36.1% route), 2 logic levels.

 Clock Skew Details: 

      Source Clock Path spi1_sck to SLICE_111:

   Name    Fanout   Delay (ns)          Site               Resource
ROUTE       133     0.815       K1.PADDI to    R12C14A.CLK spi1_sck_c
                  --------
                    0.815   (0.0% logic, 100.0% route), 0 logic levels.

      Destination Clock Path spi1_sck to SLICE_111:

   Name    Fanout   Delay (ns)          Site               Resource
ROUTE       133     0.815       K1.PADDI to    R12C14A.CLK spi1_sck_c
                  --------
                    0.815   (0.0% logic, 100.0% route), 0 logic levels.


================================================================================
Preference: FREQUENCY NET "fpga_clk_8m_c" 8.000000 MHz ;
            0 items scored, 0 timing errors detected.
--------------------------------------------------------------------------------

Report Summary
--------------
----------------------------------------------------------------------------
Preference(MIN Delays)                  |   Constraint|       Actual|Levels
----------------------------------------------------------------------------
                                        |             |             |
FREQUENCY PORT "fpga_clk_8m" 8.000000   |             |             |
MHz ;                                   |            -|            -|   0  
                                        |             |             |
FREQUENCY NET "pll_clk" 64.000000 MHz ; |     0.000 ns|     0.219 ns|   1  
                                        |             |             |
FREQUENCY PORT "spi1_sck" 21.250000 MHz |             |             |
;                                       |            -|            -|   1  
                                        |             |             |
FREQUENCY NET "fpga_clk_8m_c" 8.000000  |             |             |
MHz ;                                   |            -|            -|   0  
                                        |             |             |
----------------------------------------------------------------------------


All preferences were met.


Clock Domains Analysis
------------------------

Found 5 clocks:

Clock Domain: spi_mic_sck_c   Source: spi_mic_sck.PAD   Loads: 52
   No transfer within this clock domain is found

Clock Domain: spi1_sck_c   Source: spi1_sck.PAD   Loads: 133
   Covered under: FREQUENCY PORT "spi1_sck" 21.250000 MHz ;

Clock Domain: pll_feedback   Source: fpga_pll_i.CLKINTFB   Loads: 1
   No transfer within this clock domain is found

Clock Domain: pll_clk   Source: fpga_pll_i.CLKOP   Loads: 567
   Covered under: FREQUENCY NET "pll_clk" 64.000000 MHz ;

   Data transfers from:
   Clock Domain: spi1_sck_c   Source: spi1_sck.PAD
      Not reported because source and destination domains are unrelated.

Clock Domain: fpga_clk_8m_c   Source: fpga_clk_8m.PAD   Loads: 1
   No transfer within this clock domain is found


Timing summary (Hold):
---------------

Timing errors: 0  Score: 0
Cumulative negative slack: 0

Constraints cover 33052 paths, 4 nets, and 6965 connections (84.57% coverage)



Timing summary (Setup and Hold):
---------------

Timing errors: 0 (setup), 0 (hold)
Score: 0 (setup), 0 (hold)
Cumulative negative slack: 0 (0+0)
--------------------------------------------------------------------------------

--------------------------------------------------------------------------------

